pre_rating_pic	p1_file_name	p1_op_left	p1_op_right	p1_pic_left	p1_pic_right	p1_reward_1	p1_reward_2	p2_file_name	p2_op_left	p2_op_right	p2_pic_left	p2_pic_right	p2_reward_1	p2_reward_2	p2_forced_left	p2_forced_right	p3_file_name	p3_op_rating	p3_pic_rating	p4_file_name	p4_op_left	p4_op_right	p4_pic_left	p4_pic_right	p4_reward_1	p4_reward_2	p4_trial_type	p4_free_choice	p4_forced_left	p4_forced_right	p4_with_rating	p4_rt_fix_durat	p4_rating_pic	option_left	option_right	pic_left	pic_right	reward_stim_1	reward_stim_2	comp_number	trial_type	free_choice	forced_left	forced_right	with_rating	rt_fix_durat	with_block_break	with_new_instr	task_version	block_n	test_rating_pic	post_rating_pic1	post_rating_pic2	pre_loop.thisRepN	pre_loop.thisTrialN	pre_loop.thisN	pre_loop.thisIndex	p1_repeat.thisRepN	p1_repeat.thisTrialN	p1_repeat.thisN	p1_repeat.thisIndex	p1_loop.thisRepN	p1_loop.thisTrialN	p1_loop.thisN	p1_loop.thisIndex	p2_repeat.thisRepN	p2_repeat.thisTrialN	p2_repeat.thisN	p2_repeat.thisIndex	p2_loop.thisRepN	p2_loop.thisTrialN	p2_loop.thisN	p2_loop.thisIndex	p3_repeat.thisRepN	p3_repeat.thisTrialN	p3_repeat.thisN	p3_repeat.thisIndex	p3_loop.thisRepN	p3_loop.thisTrialN	p3_loop.thisN	p3_loop.thisIndex	p4_repeat.thisRepN	p4_repeat.thisTrialN	p4_repeat.thisN	p4_repeat.thisIndex	p4_loop.thisRepN	p4_loop.thisTrialN	p4_loop.thisN	p4_loop.thisIndex	p4_rating_loop.thisRepN	p4_rating_loop.thisTrialN	p4_rating_loop.thisN	p4_rating_loop.thisIndex	trials.thisRepN	trials.thisTrialN	trials.thisN	trials.thisIndex	test_rating_loop.thisRepN	test_rating_loop.thisTrialN	test_rating_loop.thisN	test_rating_loop.thisIndex	post_rating_loop1.thisRepN	post_rating_loop1.thisTrialN	post_rating_loop1.thisN	post_rating_loop1.thisIndex	post_rating_loop2.thisRepN	post_rating_loop2.thisTrialN	post_rating_loop2.thisN	post_rating_loop2.thisIndex	msg_pre.started	msg_pre.stopped	pic_pre.started	pic_pre.stopped	rating_bar_pre.response	rating_bar_pre.rt	rating_bar_pre.started	rating_bar_pre.stopped	msg_p1.started	msg_p1.stopped	left_option_p1.started	left_option_p1.stopped	right_option_p1.started	right_option_p1.stopped	fixation_p1.started	fixation_p1.stopped	fb_p1.started	fb_p1.stopped	msg2_p1.started	msg2_p1.stopped	msg_p2.started	msg_p2.stopped	left_option_p2.started	left_option_p2.stopped	right_option_p2.started	right_option_p2.stopped	fixation_p2.started	fixation_p2.stopped	left_gray_p2.started	left_gray_p2.stopped	right_gray_p2.started	right_gray_p2.stopped	fc_wrong_p2.started	fc_wrong_p2.stopped	fb_p2.started	fb_p2.stopped	msg2_p2.started	msg2_p2.stopped	msg_p3.started	msg_p3.stopped	pic_p3.started	pic_p3.stopped	rating_bar_p3.response	rating_bar_p3.rt	rating_bar_p3.started	rating_bar_p3.stopped	msg2_p3.started	msg2_p3.stopped	msg_p4.started	msg_p4.stopped	left_option_p4.started	left_option_p4.stopped	right_option_p4.started	right_option_p4.stopped	fixation_p4.started	fixation_p4.stopped	choice_p4.keys	choice_p4.rt	choice_p4.started	choice_p4.stopped	left_gray_p4.started	left_gray_p4.stopped	right_gray_p4.started	right_gray_p4.stopped	fc_wrong_p4.started	fc_wrong_p4.stopped	fb_p4.started	fb_p4.stopped	rating_p4.started	rating_p4.stopped	rating_bar_p4.response	rating_bar_p4.rt	rating_bar_p4.started	rating_bar_p4.stopped	reminder_rating_p4.started	reminder_rating_p4.stopped	msg2_p4.started	msg2_p4.stopped	instr_resp.keys	instr_resp.rt	instr_resp.started	instr_resp.stopped	test_instr_txt.started	test_instr_txt.stopped	break_text.started	break_text.stopped	break_resp.keys	break_resp.started	break_resp.stopped	new_instr_resp.keys	new_instr_resp.started	new_instr_resp.stopped	new_instr_txt.started	new_instr_txt.stopped	left_option.started	left_option.stopped	right_option.started	right_option.stopped	fixation.started	fixation.stopped	choice.keys	choice.corr	choice.started	choice.stopped	left_gray.started	left_gray.stopped	right_gray.started	right_gray.stopped	fc_wrong.started	fc_wrong.stopped	chosen_op	feedback_2.started	feedback_2.stopped	iti_fixation.started	iti_fixation.stopped	option_rating1.started	option_rating1.stopped	rating_bar1.response	rating_bar1.rt	rating_bar1.started	rating_bar1.stopped	rt_score1	reminder_rating1.started	reminder_rating1.stopped	choice.rt	break_resp.rt	new_instr_resp.rt	msg_post1.started	msg_post1.stopped	pic_post1.started	pic_post1.stopped	rating_bar_post1.response	rating_bar_post1.rt	rating_bar_post1.started	rating_bar_post1.stopped	msg_post2.started	msg_post2.stopped	pic_post2.started	pic_post2.stopped	rating_bar_post2.response	rating_bar_post2.rt	rating_bar_post2.started	rating_bar_post2.stopped	end_msg.started	end_msg.stopped	participant	age	gender	date	expName	psychopyVersion	frameRate	
stimuli/s6.png																																																						0	0	0	5																																																					20.62670329800312	None	41.67733318200044	None	5	6.867	0.015557406703010201	None																																																																																																																																										999	12	F	2020_Mar_06_1318	three_arm_bandit_rating_kb_block	2020.1.2	60.9123070148323	
stimuli/s1.png																																																						0	1	1	0																																																							48.632367753001745	None	3	1.304	0.016419154206232633	None																																																																																																																																										999	12	F	2020_Mar_06_1318	three_arm_bandit_rating_kb_block	2020.1.2	60.9123070148323	
stimuli/s4.png																																																						0	2	2	3																																																							49.99891849300184	None	8	1.25	0.013373760797549039	None																																																																																																																																										999	12	F	2020_Mar_06_1318	three_arm_bandit_rating_kb_block	2020.1.2	60.9123070148323	
stimuli/s5.png																																																						0	3	3	4																																																							51.40003841300495	None	1	1.239	0.0018904395983554423	None																																																																																																																																										999	12	F	2020_Mar_06_1318	three_arm_bandit_rating_kb_block	2020.1.2	60.9123070148323	
stimuli/s3.png																																																						0	4	4	2																																																							52.73261428200203	None	10	1.356	0.003910228500899393	None																																																																																																																																										999	12	F	2020_Mar_06_1318	three_arm_bandit_rating_kb_block	2020.1.2	60.9123070148323	
stimuli/s2.png																																																						0	5	5	1																																																							54.26612332800141	None	4	0.755	0.003788764006458223	None																																																																																																																																										999	12	F	2020_Mar_06_1318	three_arm_bandit_rating_kb_block	2020.1.2	60.9123070148323	
	p1_cond.xlsx	3	2	stimuli/a3.png	stimuli/a2.png	72	43																																																			0	0	0	0	0	0	0	3																																																					55.06523744000151	None	61.26313318499888	None	61.26313318499888	None	61.26313318499888	None	63.36518703200272	None																																																																																																																																999	12	F	2020_Mar_06_1318	three_arm_bandit_rating_kb_block	2020.1.2	60.9123070148323	
	p1_cond.xlsx	2	1	stimuli/a2.png	stimuli/a1.png	47	15																																																			0	0	0	0	0	1	1	2																																																							64.49706656300259	None	64.49706656300259	None	64.49706656300259	None	66.13854865400208	None																																																																																																																																999	12	F	2020_Mar_06_1318	three_arm_bandit_rating_kb_block	2020.1.2	60.9123070148323	
	p1_cond.xlsx	1	2	stimuli/a1.png	stimuli/a2.png	16	54																																																			0	0	0	0	0	2	2	1																																																							67.14961251999921	None	67.14961251999921	None	67.14961251999921	None	68.66488832500181	None																																																																																																																																999	12	F	2020_Mar_06_1318	three_arm_bandit_rating_kb_block	2020.1.2	60.9123070148323	
	p1_cond.xlsx	3	1	stimuli/a3.png	stimuli/a1.png	85	19																																																			0	0	0	0	0	3	3	0																																																							69.66732200400293	None	69.66732200400293	None	69.66732200400293	None	70.7326459360047	None																																																																																																																																999	12	F	2020_Mar_06_1318	three_arm_bandit_rating_kb_block	2020.1.2	60.9123070148323	
	p1_cond.xlsx																																																									0	0	0	0																																																																			71.91534716200113	None																																																																																																																														999	12	F	2020_Mar_06_1318	three_arm_bandit_rating_kb_block	2020.1.2	60.9123070148323	
								p2_cond.xlsx	2	1	stimuli/a2.png	stimuli/a1.png	47	15	1	0																																																		0	0	0	0	0	0	0	2																																																									78.45785325500037	None	92.2670204879978	None	92.2670204879978	None	92.2670204879978	None	92.2670204879978	None	92.2670204879978	92.2670204879978	92.2670204879978	None	93.9143113320024	None																																																																																																														999	12	F	2020_Mar_06_1318	three_arm_bandit_rating_kb_block	2020.1.2	60.9123070148323	
								p2_cond.xlsx	3	1	stimuli/a3.png	stimuli/a1.png	85	19	0	1																																																		0	0	0	0	0	1	1	0																																																											94.97228213700146	None	94.97228213700146	None	94.97228213700146	None	94.97228213700146	94.97228213700146	94.97228213700146	None	94.97228213700146	None	96.4988211029995	None																																																																																																														999	12	F	2020_Mar_06_1318	three_arm_bandit_rating_kb_block	2020.1.2	60.9123070148323	
								p2_cond.xlsx	3	2	stimuli/a3.png	stimuli/a2.png	72	43	1	0																																																		0	0	0	0	0	2	2	3																																																											97.5004650530027	None	97.5004650530027	None	97.5004650530027	None	97.5004650530027	None	97.5004650530027	97.5004650530027	97.5004650530027	None	99.48189054900286	None																																																																																																														999	12	F	2020_Mar_06_1318	three_arm_bandit_rating_kb_block	2020.1.2	60.9123070148323	
								p2_cond.xlsx	1	2	stimuli/a1.png	stimuli/a2.png	16	54	0	1																																																		0	0	0	0	0	3	3	1																																																											100.50011483499839	None	100.50011483499839	None	100.50011483499839	None	100.50011483499839	100.50011483499839	100.50011483499839	None	100.50011483499839	None	101.28106565200142	None																																																																																																														999	12	F	2020_Mar_06_1318	three_arm_bandit_rating_kb_block	2020.1.2	60.9123070148323	
								p2_cond.xlsx																																																										0	0	0	0																																																																													102.42826324899943	None																																																																																																												999	12	F	2020_Mar_06_1318	three_arm_bandit_rating_kb_block	2020.1.2	60.9123070148323	
																	p3_cond.xlsx	3	stimuli/a3.png																																																							0	0	0	0	0	0	0	2																																																																			103.62952812000003	None	110.04904815500049	None	9	4.572	0.0004654953008866869	None																																																																																																				999	12	F	2020_Mar_06_1318	three_arm_bandit_rating_kb_block	2020.1.2	60.9123070148323	
																	p3_cond.xlsx	1	stimuli/a1.png																																																							0	0	0	0	0	1	1	0																																																																					114.63112495499809	None	1	1.598	0.00950392970116809	None																																																																																																				999	12	F	2020_Mar_06_1318	three_arm_bandit_rating_kb_block	2020.1.2	60.9123070148323	
																	p3_cond.xlsx	2	stimuli/a2.png																																																							0	0	0	0	0	2	2	1																																																																					116.24864958300168	None	3	1.297	0.008882600697688758	None																																																																																																				999	12	F	2020_Mar_06_1318	three_arm_bandit_rating_kb_block	2020.1.2	60.9123070148323	
																	p3_cond.xlsx																																																									0	0	0	0																																																																															117.6904432970041	None																																																																																																		999	12	F	2020_Mar_06_1318	three_arm_bandit_rating_kb_block	2020.1.2	60.9123070148323	
																				p4_cond.xlsx	1	2	stimuli/a1.png	stimuli/a2.png	16	76	forced	0	1	0	0	0	stimuli/a2.png																																																	0	0	0	0	0	0	0	3	0	0	0	1																																																																	120.67655754699808	None	129.14749510600086	None	129.14749510600086	None	129.14749510600086	None	left	1.1089820060005877	129.14749510600086	None	129.14749510600086	None	129.14749510600086	129.14749510600086	129.14749510600086	None	130.2808517700032	None	None	None	5	111.263	None	None	None	None																																																																						999	12	F	2020_Mar_06_1318	three_arm_bandit_rating_kb_block	2020.1.2	60.9123070148323	
																				p4_cond.xlsx	1	2	stimuli/a1.png	stimuli/a2.png	16	76	forced	0	1	0	0	0	stimuli/a3.png																																																	0	0	0	0	0	0	0	3	0	1	1	2																																																																																					None	None	5	111.273	None	None	None	None																																																																						999	12	F	2020_Mar_06_1318	three_arm_bandit_rating_kb_block	2020.1.2	60.9123070148323	
																				p4_cond.xlsx	1	2	stimuli/a1.png	stimuli/a2.png	16	76	forced	0	1	0	0	0	stimuli/a1.png																																																	0	0	0	0	0	0	0	3	0	2	2	0																																																																																					None	None	5	111.282	None	None	None	None																																																																						999	12	F	2020_Mar_06_1318	three_arm_bandit_rating_kb_block	2020.1.2	60.9123070148323	
																				p4_cond.xlsx	1	2	stimuli/a1.png	stimuli/a2.png	16	76	forced	0	1	0	0	0																																																		0	0	0	0	0	0	0	3																																																																																																																																																																						999	12	F	2020_Mar_06_1318	three_arm_bandit_rating_kb_block	2020.1.2	60.9123070148323	
																				p4_cond.xlsx	1	3	stimuli/a1.png	stimuli/a3.png	21	47	choice	1	0	0	0	0	stimuli/a2.png																																																	0	0	0	0	0	1	1	0	0	0	0	1																																																																			131.55208859100094	None	131.55208859100094	None	131.55208859100094	None	left	0.9655146700024488	131.55208859100094	None	131.55208859100094	131.55208859100094	131.55208859100094	131.55208859100094	131.55208859100094	None	132.54837642100028	None	None	None	5	113.421	None	None	None	None																																																																						999	12	F	2020_Mar_06_1318	three_arm_bandit_rating_kb_block	2020.1.2	60.9123070148323	
																				p4_cond.xlsx	1	3	stimuli/a1.png	stimuli/a3.png	21	47	choice	1	0	0	0	0	stimuli/a1.png																																																	0	0	0	0	0	1	1	0	0	1	1	0																																																																																					None	None	5	113.428	None	None	None	None																																																																						999	12	F	2020_Mar_06_1318	three_arm_bandit_rating_kb_block	2020.1.2	60.9123070148323	
																				p4_cond.xlsx	1	3	stimuli/a1.png	stimuli/a3.png	21	47	choice	1	0	0	0	0	stimuli/a3.png																																																	0	0	0	0	0	1	1	0	0	2	2	2																																																																																					None	None	5	113.434	None	None	None	None																																																																						999	12	F	2020_Mar_06_1318	three_arm_bandit_rating_kb_block	2020.1.2	60.9123070148323	
																				p4_cond.xlsx	1	3	stimuli/a1.png	stimuli/a3.png	21	47	choice	1	0	0	0	0																																																		0	0	0	0	0	1	1	0																																																																																																																																																																						999	12	F	2020_Mar_06_1318	three_arm_bandit_rating_kb_block	2020.1.2	60.9123070148323	
																				p4_cond.xlsx	2	3	stimuli/a2.png	stimuli/a3.png	26	61	forced	0	0	1	0	0	stimuli/a3.png																																																	0	0	0	0	0	2	2	4	0	0	0	2																																																																			133.65569487700122	None	133.65569487700122	None	133.65569487700122	None	right	2.1581241199965007	133.65569487700122	None	133.65569487700122	133.65569487700122	133.65569487700122	None	133.65569487700122	None	135.83151150100457	None	None	None	5	116.704	None	None	None	None																																																																						999	12	F	2020_Mar_06_1318	three_arm_bandit_rating_kb_block	2020.1.2	60.9123070148323	
																				p4_cond.xlsx	2	3	stimuli/a2.png	stimuli/a3.png	26	61	forced	0	0	1	0	0	stimuli/a1.png																																																	0	0	0	0	0	2	2	4	0	1	1	0																																																																																					None	None	5	116.71	None	None	None	None																																																																						999	12	F	2020_Mar_06_1318	three_arm_bandit_rating_kb_block	2020.1.2	60.9123070148323	
																				p4_cond.xlsx	2	3	stimuli/a2.png	stimuli/a3.png	26	61	forced	0	0	1	0	0	stimuli/a2.png																																																	0	0	0	0	0	2	2	4	0	2	2	1																																																																																					None	None	5	116.716	None	None	None	None																																																																						999	12	F	2020_Mar_06_1318	three_arm_bandit_rating_kb_block	2020.1.2	60.9123070148323	
																				p4_cond.xlsx	2	3	stimuli/a2.png	stimuli/a3.png	26	61	forced	0	0	1	0	0																																																		0	0	0	0	0	2	2	4																																																																																																																																																																						999	12	F	2020_Mar_06_1318	three_arm_bandit_rating_kb_block	2020.1.2	60.9123070148323	
																				p4_cond.xlsx	3	1	stimuli/a3.png	stimuli/a1.png	85	54	forced	0	1	0	1	1	stimuli/a2.png																																																	0	0	0	0	0	3	3	6	0	0	0	1																																																																			137.07265782800096	None	137.07265782800096	None	137.07265782800096	None	left	1.0250237939981162	137.07265782800096	None	137.07265782800096	None	137.07265782800096	137.07265782800096	137.07265782800096	None	138.11514845200145	None	139.12463809600013	None	8	2.559	0.004411170702951495	None	None	None																																																																						999	12	F	2020_Mar_06_1318	three_arm_bandit_rating_kb_block	2020.1.2	60.9123070148323	
																				p4_cond.xlsx	3	1	stimuli/a3.png	stimuli/a1.png	85	54	forced	0	1	0	1	1	stimuli/a1.png																																																	0	0	0	0	0	3	3	6	0	1	1	0																																																																																					141.7115036230025	None	2	1.679	0.008894942700862885	None	None	None																																																																						999	12	F	2020_Mar_06_1318	three_arm_bandit_rating_kb_block	2020.1.2	60.9123070148323	
																				p4_cond.xlsx	3	1	stimuli/a3.png	stimuli/a1.png	85	54	forced	0	1	0	1	1	stimuli/a3.png																																																	0	0	0	0	0	3	3	6	0	2	2	2																																																																																					143.39814087300329	None	9	1.58	0.009266360699257348	None	None	None																																																																						999	12	F	2020_Mar_06_1318	three_arm_bandit_rating_kb_block	2020.1.2	60.9123070148323	
																				p4_cond.xlsx	3	1	stimuli/a3.png	stimuli/a1.png	85	54	forced	0	1	0	1	1																																																		0	0	0	0	0	3	3	6																																																																																																																																																																						999	12	F	2020_Mar_06_1318	three_arm_bandit_rating_kb_block	2020.1.2	60.9123070148323	
																				p4_cond.xlsx	1	2	stimuli/a1.png	stimuli/a2.png	16	79	choice	1	0	0	0	0	stimuli/a1.png																																																	0	0	0	0	0	4	4	1	0	0	0	0																																																																			145.16337478900095	None	145.16337478900095	None	145.16337478900095	None	left	1.1017586969974218	145.16337478900095	None	145.16337478900095	145.16337478900095	145.16337478900095	145.16337478900095	145.16337478900095	None	146.28123220799898	None	None	None	5	3.889	None	None	None	None																																																																						999	12	F	2020_Mar_06_1318	three_arm_bandit_rating_kb_block	2020.1.2	60.9123070148323	
																				p4_cond.xlsx	1	2	stimuli/a1.png	stimuli/a2.png	16	79	choice	1	0	0	0	0	stimuli/a3.png																																																	0	0	0	0	0	4	4	1	0	1	1	2																																																																																					None	None	5	3.895	None	None	None	None																																																																						999	12	F	2020_Mar_06_1318	three_arm_bandit_rating_kb_block	2020.1.2	60.9123070148323	
																				p4_cond.xlsx	1	2	stimuli/a1.png	stimuli/a2.png	16	79	choice	1	0	0	0	0	stimuli/a2.png																																																	0	0	0	0	0	4	4	1	0	2	2	1																																																																																					None	None	5	3.9	None	None	None	None																																																																						999	12	F	2020_Mar_06_1318	three_arm_bandit_rating_kb_block	2020.1.2	60.9123070148323	
																				p4_cond.xlsx	1	2	stimuli/a1.png	stimuli/a2.png	16	79	choice	1	0	0	0	0																																																		0	0	0	0	0	4	4	1																																																																																																																																																																						999	12	F	2020_Mar_06_1318	three_arm_bandit_rating_kb_block	2020.1.2	60.9123070148323	
																				p4_cond.xlsx	2	1	stimuli/a2.png	stimuli/a1.png	13	12	choice	1	0	0	0	0	stimuli/a3.png																																																	0	0	0	0	0	5	5	2	0	0	0	2																																																																			147.480883025004	None	147.480883025004	None	147.480883025004	None	left	0.6743536870053504	147.480883025004	None	147.480883025004	147.480883025004	147.480883025004	147.480883025004	147.480883025004	None	148.1801455169989	None	None	None	5	5.789	None	None	None	None																																																																						999	12	F	2020_Mar_06_1318	three_arm_bandit_rating_kb_block	2020.1.2	60.9123070148323	
																				p4_cond.xlsx	2	1	stimuli/a2.png	stimuli/a1.png	13	12	choice	1	0	0	0	0	stimuli/a1.png																																																	0	0	0	0	0	5	5	2	0	1	1	0																																																																																					None	None	5	5.795	None	None	None	None																																																																						999	12	F	2020_Mar_06_1318	three_arm_bandit_rating_kb_block	2020.1.2	60.9123070148323	
																				p4_cond.xlsx	2	1	stimuli/a2.png	stimuli/a1.png	13	12	choice	1	0	0	0	0	stimuli/a2.png																																																	0	0	0	0	0	5	5	2	0	2	2	1																																																																																					None	None	5	5.8	None	None	None	None																																																																						999	12	F	2020_Mar_06_1318	three_arm_bandit_rating_kb_block	2020.1.2	60.9123070148323	
																				p4_cond.xlsx	2	1	stimuli/a2.png	stimuli/a1.png	13	12	choice	1	0	0	0	0																																																		0	0	0	0	0	5	5	2																																																																																																																																																																						999	12	F	2020_Mar_06_1318	three_arm_bandit_rating_kb_block	2020.1.2	60.9123070148323	
																				p4_cond.xlsx	2	3	stimuli/a2.png	stimuli/a3.png	87	61	choice	1	0	0	0	0	stimuli/a2.png																																																	0	0	0	0	0	6	6	5	0	0	0	1																																																																			149.3306451190001	None	149.3306451190001	None	149.3306451190001	None	left	0.8944978150029783	149.3306451190001	None	149.3306451190001	149.3306451190001	149.3306451190001	149.3306451190001	149.3306451190001	None	150.24764508600492	None	None	None	5	7.855	None	None	None	None																																																																						999	12	F	2020_Mar_06_1318	three_arm_bandit_rating_kb_block	2020.1.2	60.9123070148323	
																				p4_cond.xlsx	2	3	stimuli/a2.png	stimuli/a3.png	87	61	choice	1	0	0	0	0	stimuli/a1.png																																																	0	0	0	0	0	6	6	5	0	1	1	0																																																																																					None	None	5	7.861	None	None	None	None																																																																						999	12	F	2020_Mar_06_1318	three_arm_bandit_rating_kb_block	2020.1.2	60.9123070148323	
																				p4_cond.xlsx	2	3	stimuli/a2.png	stimuli/a3.png	87	61	choice	1	0	0	0	0	stimuli/a3.png																																																	0	0	0	0	0	6	6	5	0	2	2	2																																																																																					None	None	5	7.866	None	None	None	None																																																																						999	12	F	2020_Mar_06_1318	three_arm_bandit_rating_kb_block	2020.1.2	60.9123070148323	
																				p4_cond.xlsx	2	3	stimuli/a2.png	stimuli/a3.png	87	61	choice	1	0	0	0	0																																																		0	0	0	0	0	6	6	5																																																																																																																																																																						999	12	F	2020_Mar_06_1318	three_arm_bandit_rating_kb_block	2020.1.2	60.9123070148323	
																				p4_cond.xlsx																																																														0	0	0	0																																																																																																					151.63586253700487	None																																																																				999	12	F	2020_Mar_06_1318	three_arm_bandit_rating_kb_block	2020.1.2	60.9123070148323	
																																																																																																																																																																																												right	9.63563735900243	156.0469060520045	None																																																																999	12	F	2020_Mar_06_1318	three_arm_bandit_rating_kb_block	2020.1.2	60.9123070148323	
																																		1	3	stimuli/s1.png	stimuli/s3.png	21	47	1	choice	1	0	0	0	0	0	0	1	1	stimuli/s2.png																																											0	0	0	0	0	0	0	1																																																																																											156.0469060520045	None	None	None	None	None	None	None	None	None	None	None	165.9139231720037	None	165.9139231720037	None	165.9139231720037	None	None	0	165.9139231720037	None	165.9139231720037	165.9139231720037	165.9139231720037	165.9139231720037	165.9139231720037	None	nan	169.9137758680008	None	170.91410294100206	None	None	None	5	151.042	None	None	nan	None	None																						999	12	F	2020_Mar_06_1318	three_arm_bandit_rating_kb_block	2020.1.2	60.9123070148323	
																																		1	3	stimuli/s1.png	stimuli/s3.png	21	47	1	choice	1	0	0	0	0	0	0	1	1	stimuli/s3.png																																											0	0	0	0	0	1	1	2																																																																																																																												None	None	5	151.049	None	None	nan	None	None																						999	12	F	2020_Mar_06_1318	three_arm_bandit_rating_kb_block	2020.1.2	60.9123070148323	
																																		1	3	stimuli/s1.png	stimuli/s3.png	21	47	1	choice	1	0	0	0	0	0	0	1	1	stimuli/s1.png																																											0	0	0	0	0	2	2	0																																																																																																																												None	None	5	151.058	None	None	nan	None	None																						999	12	F	2020_Mar_06_1318	three_arm_bandit_rating_kb_block	2020.1.2	60.9123070148323	
																																		1	3	stimuli/s1.png	stimuli/s3.png	21	47	1	choice	1	0	0	0	0	0	0	1	1																																												0	0	0	0																																																																																																																																																														999	12	F	2020_Mar_06_1318	three_arm_bandit_rating_kb_block	2020.1.2	60.9123070148323	
																																		1	2	stimuli/s1.png	stimuli/s2.png	16	79	1	choice	1	0	0	0	0	0	0	1	1	stimuli/s2.png																																											0	1	1	1	0	0	0	1																																																																																													None	None	None	None	None	None	None	None	None	None	171.7327822590014	None	171.7327822590014	None	171.7327822590014	None	right	0	171.7327822590014	None	171.7327822590014	171.7327822590014	171.7327822590014	171.7327822590014	171.7327822590014	None	2	172.997401325003	None	173.99788194699795	None	None	None	5	154.052	None	None	nan	None	None	1.2399044769990724																					999	12	F	2020_Mar_06_1318	three_arm_bandit_rating_kb_block	2020.1.2	60.9123070148323	
																																		1	2	stimuli/s1.png	stimuli/s2.png	16	79	1	choice	1	0	0	0	0	0	0	1	1	stimuli/s3.png																																											0	1	1	1	0	1	1	2																																																																																																																												None	None	5	154.06	None	None	nan	None	None																						999	12	F	2020_Mar_06_1318	three_arm_bandit_rating_kb_block	2020.1.2	60.9123070148323	
																																		1	2	stimuli/s1.png	stimuli/s2.png	16	79	1	choice	1	0	0	0	0	0	0	1	1	stimuli/s1.png																																											0	1	1	1	0	2	2	0																																																																																																																												None	None	5	154.069	None	None	nan	None	None																						999	12	F	2020_Mar_06_1318	three_arm_bandit_rating_kb_block	2020.1.2	60.9123070148323	
																																		1	2	stimuli/s1.png	stimuli/s2.png	16	79	1	choice	1	0	0	0	0	0	0	1	1																																												0	1	1	1																																																																																																																																																														999	12	F	2020_Mar_06_1318	three_arm_bandit_rating_kb_block	2020.1.2	60.9123070148323	
																																		2	1	stimuli/s2.png	stimuli/s1.png	13	12	2	choice	1	0	0	0	0	0	0	1	1	stimuli/s1.png																																											0	2	2	2	0	0	0	0																																																																																													None	None	None	None	None	None	None	None	None	None	174.80432444100006	None	174.80432444100006	None	174.80432444100006	None	left	0	174.80432444100006	None	174.80432444100006	174.80432444100006	174.80432444100006	174.80432444100006	174.80432444100006	None	2	175.9124667080032	None	176.9144856970015	None	None	None	5	156.966	None	None	nan	None	None	1.0933767780006747																					999	12	F	2020_Mar_06_1318	three_arm_bandit_rating_kb_block	2020.1.2	60.9123070148323	
																																		2	1	stimuli/s2.png	stimuli/s1.png	13	12	2	choice	1	0	0	0	0	0	0	1	1	stimuli/s2.png																																											0	2	2	2	0	1	1	1																																																																																																																												None	None	5	156.975	None	None	nan	None	None																						999	12	F	2020_Mar_06_1318	three_arm_bandit_rating_kb_block	2020.1.2	60.9123070148323	
																																		2	1	stimuli/s2.png	stimuli/s1.png	13	12	2	choice	1	0	0	0	0	0	0	1	1	stimuli/s3.png																																											0	2	2	2	0	2	2	2																																																																																																																												None	None	5	156.981	None	None	nan	None	None																						999	12	F	2020_Mar_06_1318	three_arm_bandit_rating_kb_block	2020.1.2	60.9123070148323	
																																		2	1	stimuli/s2.png	stimuli/s1.png	13	12	2	choice	1	0	0	0	0	0	0	1	1																																												0	2	2	2																																																																																																																																																														999	12	F	2020_Mar_06_1318	three_arm_bandit_rating_kb_block	2020.1.2	60.9123070148323	
																																		1	2	stimuli/s1.png	stimuli/s2.png	16	76	1	forced	0	1	0	0	0	0	0	1	1	stimuli/s3.png																																											0	3	3	3	0	0	0	2																																																																																													None	None	None	None	None	None	None	None	None	None	177.63074834400322	None	177.63074834400322	None	177.63074834400322	None	left	0	177.63074834400322	None	177.63074834400322	None	177.63074834400322	177.63074834400322	177.63074834400322	None	1	180.23012411600212	None	181.23088658900087	None	None	None	5	161.283	None	None	nan	None	None	2.575659298003302																					999	12	F	2020_Mar_06_1318	three_arm_bandit_rating_kb_block	2020.1.2	60.9123070148323	
																																		1	2	stimuli/s1.png	stimuli/s2.png	16	76	1	forced	0	1	0	0	0	0	0	1	1	stimuli/s2.png																																											0	3	3	3	0	1	1	1																																																																																																																												None	None	5	161.29	None	None	nan	None	None																						999	12	F	2020_Mar_06_1318	three_arm_bandit_rating_kb_block	2020.1.2	60.9123070148323	
																																		1	2	stimuli/s1.png	stimuli/s2.png	16	76	1	forced	0	1	0	0	0	0	0	1	1	stimuli/s1.png																																											0	3	3	3	0	2	2	0																																																																																																																												None	None	5	161.299	None	None	nan	None	None																						999	12	F	2020_Mar_06_1318	three_arm_bandit_rating_kb_block	2020.1.2	60.9123070148323	
																																		1	2	stimuli/s1.png	stimuli/s2.png	16	76	1	forced	0	1	0	0	0	0	0	1	1																																												0	3	3	3																																																																																																																																																														999	12	F	2020_Mar_06_1318	three_arm_bandit_rating_kb_block	2020.1.2	60.9123070148323	
																																		2	3	stimuli/s2.png	stimuli/s3.png	26	61	1	forced	0	0	1	0	0	0	0	1	1	stimuli/s3.png																																											0	4	4	4	0	0	0	2																																																																																													None	None	None	None	None	None	None	None	None	None	181.9770675719992	None	181.9770675719992	None	181.9770675719992	None	right	0	181.9770675719992	None	181.9770675719992	181.9770675719992	181.9770675719992	None	181.9770675719992	None	3	183.3959825790007	None	184.3986013820031	None	None	None	5	164.467	None	None	nan	None	None	1.4019308389979415																					999	12	F	2020_Mar_06_1318	three_arm_bandit_rating_kb_block	2020.1.2	60.9123070148323	
																																		2	3	stimuli/s2.png	stimuli/s3.png	26	61	1	forced	0	0	1	0	0	0	0	1	1	stimuli/s1.png																																											0	4	4	4	0	1	1	0																																																																																																																												None	None	5	164.476	None	None	nan	None	None																						999	12	F	2020_Mar_06_1318	three_arm_bandit_rating_kb_block	2020.1.2	60.9123070148323	
																																		2	3	stimuli/s2.png	stimuli/s3.png	26	61	1	forced	0	0	1	0	0	0	0	1	1	stimuli/s2.png																																											0	4	4	4	0	2	2	1																																																																																																																												None	None	5	164.484	None	None	nan	None	None																						999	12	F	2020_Mar_06_1318	three_arm_bandit_rating_kb_block	2020.1.2	60.9123070148323	
																																		2	3	stimuli/s2.png	stimuli/s3.png	26	61	1	forced	0	0	1	0	0	0	0	1	1																																												0	4	4	4																																																																																																																																																														999	12	F	2020_Mar_06_1318	three_arm_bandit_rating_kb_block	2020.1.2	60.9123070148323	
																																		2	3	stimuli/s2.png	stimuli/s3.png	87	61	1	choice	1	0	0	0	0	0	0	1	1	stimuli/s2.png																																											0	5	5	5	0	0	0	1																																																																																													None	None	None	None	None	None	None	None	None	None	185.13037473199802	None	185.13037473199802	None	185.13037473199802	None	left	0	185.13037473199802	None	185.13037473199802	185.13037473199802	185.13037473199802	185.13037473199802	185.13037473199802	None	2	186.76340894500026	None	187.76418721899972	None	None	None	5	167.817	None	None	nan	None	None	1.6122089799973764																					999	12	F	2020_Mar_06_1318	three_arm_bandit_rating_kb_block	2020.1.2	60.9123070148323	
																																		2	3	stimuli/s2.png	stimuli/s3.png	87	61	1	choice	1	0	0	0	0	0	0	1	1	stimuli/s1.png																																											0	5	5	5	0	1	1	0																																																																																																																												None	None	5	167.826	None	None	nan	None	None																						999	12	F	2020_Mar_06_1318	three_arm_bandit_rating_kb_block	2020.1.2	60.9123070148323	
																																		2	3	stimuli/s2.png	stimuli/s3.png	87	61	1	choice	1	0	0	0	0	0	0	1	1	stimuli/s3.png																																											0	5	5	5	0	2	2	2																																																																																																																												None	None	5	167.835	None	None	nan	None	None																						999	12	F	2020_Mar_06_1318	three_arm_bandit_rating_kb_block	2020.1.2	60.9123070148323	
																																		2	3	stimuli/s2.png	stimuli/s3.png	87	61	1	choice	1	0	0	0	0	0	0	1	1																																												0	5	5	5																																																																																																																																																														999	12	F	2020_Mar_06_1318	three_arm_bandit_rating_kb_block	2020.1.2	60.9123070148323	
																																		3	1	stimuli/s3.png	stimuli/s1.png	85	54	1	forced	0	1	0	1	1	0	0	1	1	stimuli/s1.png																																											0	6	6	6	0	0	0	0																																																																																													None	None	None	None	None	None	None	None	None	None	188.52920295399963	None	188.52920295399963	None	188.52920295399963	None	left	0	188.52920295399963	None	188.52920295399963	None	188.52920295399963	188.52920295399963	188.52920295399963	None	3	189.69681317199866	None	190.69739763899997	None	191.2138365790015	None	1	3.991	0.002969023698824458	None	10	None	None	1.138431421997666																					999	12	F	2020_Mar_06_1318	three_arm_bandit_rating_kb_block	2020.1.2	60.9123070148323	
																																		3	1	stimuli/s3.png	stimuli/s1.png	85	54	1	forced	0	1	0	1	1	0	0	1	1	stimuli/s2.png																																											0	6	6	6	0	1	1	1																																																																																																																												195.22078869899997	None	9	2.011	0.006756377697456628	None	90	None	None																						999	12	F	2020_Mar_06_1318	three_arm_bandit_rating_kb_block	2020.1.2	60.9123070148323	
																																		3	1	stimuli/s3.png	stimuli/s1.png	85	54	1	forced	0	1	0	1	1	0	0	1	1	stimuli/s3.png																																											0	6	6	6	0	2	2	2																																																																																																																												197.2741811540036	None	7	1.729	0.006242705407203175	None	70	None	None																						999	12	F	2020_Mar_06_1318	three_arm_bandit_rating_kb_block	2020.1.2	60.9123070148323	
																																		3	1	stimuli/s3.png	stimuli/s1.png	85	54	1	forced	0	1	0	1	1	0	0	1	1																																												0	6	6	6																																																																																																																																																														999	12	F	2020_Mar_06_1318	three_arm_bandit_rating_kb_block	2020.1.2	60.9123070148323	
																																		1	2	stimuli/s1.png	stimuli/s2.png	16	75	2	forced	0	0	1	0	0	0	0	1	1	stimuli/s1.png																																											0	7	7	7	0	0	0	0																																																																																													None	None	None	None	None	None	None	None	None	None	199.29287625099823	None	199.29287625099823	None	199.29287625099823	None	right	0	199.29287625099823	None	199.29287625099823	199.29287625099823	199.29287625099823	None	199.29287625099823	None	2	200.33024114699947	None	201.33082401200227	None	None	None	5	4.588	None	None	nan	None	None	1.0171972579992143																					999	12	F	2020_Mar_06_1318	three_arm_bandit_rating_kb_block	2020.1.2	60.9123070148323	
																																		1	2	stimuli/s1.png	stimuli/s2.png	16	75	2	forced	0	0	1	0	0	0	0	1	1	stimuli/s3.png																																											0	7	7	7	0	1	1	2																																																																																																																												None	None	5	4.597	None	None	nan	None	None																						999	12	F	2020_Mar_06_1318	three_arm_bandit_rating_kb_block	2020.1.2	60.9123070148323	
																																		1	2	stimuli/s1.png	stimuli/s2.png	16	75	2	forced	0	0	1	0	0	0	0	1	1	stimuli/s2.png																																											0	7	7	7	0	2	2	1																																																																																																																												None	None	5	4.604	None	None	nan	None	None																						999	12	F	2020_Mar_06_1318	three_arm_bandit_rating_kb_block	2020.1.2	60.9123070148323	
																																		1	2	stimuli/s1.png	stimuli/s2.png	16	75	2	forced	0	0	1	0	0	0	0	1	1																																												0	7	7	7																																																																																																																																																														999	12	F	2020_Mar_06_1318	three_arm_bandit_rating_kb_block	2020.1.2	60.9123070148323	
																																		1	3	stimuli/s1.png	stimuli/s3.png	21	47	1	choice	1	0	0	0	0	1	0	1	2	stimuli/s2.png																																											0	8	8	8	0	0	0	1																																																																																													202.16118350299803	None	right	202.16118350299803	None	None	None	None	None	None	208.33041627299826	None	208.33041627299826	None	208.33041627299826	None	right	0	208.33041627299826	None	208.33041627299826	208.33041627299826	208.33041627299826	208.33041627299826	208.33041627299826	None	3	209.7462259210006	None	210.74708836000354	None	None	None	5	13.989	None	None	nan	None	None	1.3846477670012973	6.125230757999816																				999	12	F	2020_Mar_06_1318	three_arm_bandit_rating_kb_block	2020.1.2	60.9123070148323	
																																		1	3	stimuli/s1.png	stimuli/s3.png	21	47	1	choice	1	0	0	0	0	1	0	1	2	stimuli/s1.png																																											0	8	8	8	0	1	1	0																																																																																																																												None	None	5	13.998	None	None	nan	None	None																						999	12	F	2020_Mar_06_1318	three_arm_bandit_rating_kb_block	2020.1.2	60.9123070148323	
																																		1	3	stimuli/s1.png	stimuli/s3.png	21	47	1	choice	1	0	0	0	0	1	0	1	2	stimuli/s3.png																																											0	8	8	8	0	2	2	2																																																																																																																												None	None	5	14.007	None	None	nan	None	None																						999	12	F	2020_Mar_06_1318	three_arm_bandit_rating_kb_block	2020.1.2	60.9123070148323	
																																		1	3	stimuli/s1.png	stimuli/s3.png	21	47	1	choice	1	0	0	0	0	1	0	1	2																																												0	8	8	8																																																																																																																																																														999	12	F	2020_Mar_06_1318	three_arm_bandit_rating_kb_block	2020.1.2	60.9123070148323	
																																		1	2	stimuli/s1.png	stimuli/s2.png	16	79	1	choice	1	0	0	0	0	0	0	1	2	stimuli/s2.png																																											0	9	9	9	0	0	0	1																																																																																													None	None	None	None	None	None	None	None	None	None	211.46317348699813	None	211.46317348699813	None	211.46317348699813	None	right	0	211.46317348699813	None	211.46317348699813	211.46317348699813	211.46317348699813	211.46317348699813	211.46317348699813	None	2	212.86283754299802	None	213.863811645002	None	None	None	5	17.103	None	None	nan	None	None	1.3793768429968623																					999	12	F	2020_Mar_06_1318	three_arm_bandit_rating_kb_block	2020.1.2	60.9123070148323	
																																		1	2	stimuli/s1.png	stimuli/s2.png	16	79	1	choice	1	0	0	0	0	0	0	1	2	stimuli/s1.png																																											0	9	9	9	0	1	1	0																																																																																																																												None	None	5	17.112	None	None	nan	None	None																						999	12	F	2020_Mar_06_1318	three_arm_bandit_rating_kb_block	2020.1.2	60.9123070148323	
																																		1	2	stimuli/s1.png	stimuli/s2.png	16	79	1	choice	1	0	0	0	0	0	0	1	2	stimuli/s3.png																																											0	9	9	9	0	2	2	2																																																																																																																												None	None	5	17.121	None	None	nan	None	None																						999	12	F	2020_Mar_06_1318	three_arm_bandit_rating_kb_block	2020.1.2	60.9123070148323	
																																		1	2	stimuli/s1.png	stimuli/s2.png	16	79	1	choice	1	0	0	0	0	0	0	1	2																																												0	9	9	9																																																																																																																																																														999	12	F	2020_Mar_06_1318	three_arm_bandit_rating_kb_block	2020.1.2	60.9123070148323	
																																		2	1	stimuli/s2.png	stimuli/s1.png	13	12	2	choice	1	0	0	0	0	0	0	1	2	stimuli/s2.png																																											0	10	10	10	0	0	0	1																																																																																													None	None	None	None	None	None	None	None	None	None	214.57986335999885	None	214.57986335999885	None	214.57986335999885	None	left	0	214.57986335999885	None	214.57986335999885	214.57986335999885	214.57986335999885	214.57986335999885	214.57986335999885	None	2	216.34634297899902	None	217.347129253998	None	None	None	5	20.586	None	None	nan	None	None	1.7389191960028256																					999	12	F	2020_Mar_06_1318	three_arm_bandit_rating_kb_block	2020.1.2	60.9123070148323	
																																		2	1	stimuli/s2.png	stimuli/s1.png	13	12	2	choice	1	0	0	0	0	0	0	1	2	stimuli/s1.png																																											0	10	10	10	0	1	1	0																																																																																																																												None	None	5	20.595	None	None	nan	None	None																						999	12	F	2020_Mar_06_1318	three_arm_bandit_rating_kb_block	2020.1.2	60.9123070148323	
																																		2	1	stimuli/s2.png	stimuli/s1.png	13	12	2	choice	1	0	0	0	0	0	0	1	2	stimuli/s3.png																																											0	10	10	10	0	2	2	2																																																																																																																												None	None	5	20.604	None	None	nan	None	None																						999	12	F	2020_Mar_06_1318	three_arm_bandit_rating_kb_block	2020.1.2	60.9123070148323	
																																		2	1	stimuli/s2.png	stimuli/s1.png	13	12	2	choice	1	0	0	0	0	0	0	1	2																																												0	10	10	10																																																																																																																																																														999	12	F	2020_Mar_06_1318	three_arm_bandit_rating_kb_block	2020.1.2	60.9123070148323	
																																		2	1	stimuli/s2.png	stimuli/s1.png	71	21	1	forced	0	1	0	0	0	0	0	1	2	stimuli/s2.png																																											0	11	11	11	0	0	0	1																																																																																													None	None	None	None	None	None	None	None	None	None	218.0586839710013	None	218.0586839710013	None	218.0586839710013	None	left	0	218.0586839710013	None	218.0586839710013	None	218.0586839710013	218.0586839710013	218.0586839710013	None	2	219.5131206799997	None	220.5137029680045	None	None	None	5	23.753	None	None	nan	None	None	1.4327489309944212																					999	12	F	2020_Mar_06_1318	three_arm_bandit_rating_kb_block	2020.1.2	60.9123070148323	
																																		2	1	stimuli/s2.png	stimuli/s1.png	71	21	1	forced	0	1	0	0	0	0	0	1	2	stimuli/s1.png																																											0	11	11	11	0	1	1	0																																																																																																																												None	None	5	23.762	None	None	nan	None	None																						999	12	F	2020_Mar_06_1318	three_arm_bandit_rating_kb_block	2020.1.2	60.9123070148323	
																																		2	1	stimuli/s2.png	stimuli/s1.png	71	21	1	forced	0	1	0	0	0	0	0	1	2	stimuli/s3.png																																											0	11	11	11	0	2	2	2																																																																																																																												None	None	5	23.77	None	None	nan	None	None																						999	12	F	2020_Mar_06_1318	three_arm_bandit_rating_kb_block	2020.1.2	60.9123070148323	
																																		2	1	stimuli/s2.png	stimuli/s1.png	71	21	1	forced	0	1	0	0	0	0	0	1	2																																												0	11	11	11																																																																																																																																																														999	12	F	2020_Mar_06_1318	three_arm_bandit_rating_kb_block	2020.1.2	60.9123070148323	
																																		1	2	stimuli/s1.png	stimuli/s2.png	26	72	1	forced	0	0	1	0	0	0	0	1	2	stimuli/s2.png																																											0	12	12	12	0	0	0	1																																																																																													None	None	None	None	None	None	None	None	None	None	221.23039172700373	None	221.23039172700373	None	221.23039172700373	None	right	0	221.23039172700373	None	221.23039172700373	221.23039172700373	221.23039172700373	None	221.23039172700373	None	2	222.84515817400097	None	223.84611372800282	None	None	None	5	27.087	None	None	nan	None	None	1.591052051000588																					999	12	F	2020_Mar_06_1318	three_arm_bandit_rating_kb_block	2020.1.2	60.9123070148323	
																																		1	2	stimuli/s1.png	stimuli/s2.png	26	72	1	forced	0	0	1	0	0	0	0	1	2	stimuli/s3.png																																											0	12	12	12	0	1	1	2																																																																																																																												None	None	5	27.094	None	None	nan	None	None																						999	12	F	2020_Mar_06_1318	three_arm_bandit_rating_kb_block	2020.1.2	60.9123070148323	
																																		1	2	stimuli/s1.png	stimuli/s2.png	26	72	1	forced	0	0	1	0	0	0	0	1	2	stimuli/s1.png																																											0	12	12	12	0	2	2	0																																																																																																																												None	None	5	27.103	None	None	nan	None	None																						999	12	F	2020_Mar_06_1318	three_arm_bandit_rating_kb_block	2020.1.2	60.9123070148323	
																																		1	2	stimuli/s1.png	stimuli/s2.png	26	72	1	forced	0	0	1	0	0	0	0	1	2																																												0	12	12	12																																																																																																																																																														999	12	F	2020_Mar_06_1318	three_arm_bandit_rating_kb_block	2020.1.2	60.9123070148323	
																																		2	3	stimuli/s2.png	stimuli/s3.png	87	61	1	choice	1	0	0	0	0	0	0	1	2	stimuli/s2.png																																											0	13	13	13	0	0	0	1																																																																																													None	None	None	None	None	None	None	None	None	None	224.57988427799864	None	224.57988427799864	None	224.57988427799864	None	right	0	224.57988427799864	None	224.57988427799864	224.57988427799864	224.57988427799864	224.57988427799864	224.57988427799864	None	3	226.17970702100138	None	227.17946935500368	None	None	None	5	30.421	None	None	nan	None	None	1.5827449680000427																					999	12	F	2020_Mar_06_1318	three_arm_bandit_rating_kb_block	2020.1.2	60.9123070148323	
																																		2	3	stimuli/s2.png	stimuli/s3.png	87	61	1	choice	1	0	0	0	0	0	0	1	2	stimuli/s3.png																																											0	13	13	13	0	1	1	2																																																																																																																												None	None	5	30.429	None	None	nan	None	None																						999	12	F	2020_Mar_06_1318	three_arm_bandit_rating_kb_block	2020.1.2	60.9123070148323	
																																		2	3	stimuli/s2.png	stimuli/s3.png	87	61	1	choice	1	0	0	0	0	0	0	1	2	stimuli/s1.png																																											0	13	13	13	0	2	2	0																																																																																																																												None	None	5	30.438	None	None	nan	None	None																						999	12	F	2020_Mar_06_1318	three_arm_bandit_rating_kb_block	2020.1.2	60.9123070148323	
																																		2	3	stimuli/s2.png	stimuli/s3.png	87	61	1	choice	1	0	0	0	0	0	0	1	2																																												0	13	13	13																																																																																																																																																														999	12	F	2020_Mar_06_1318	three_arm_bandit_rating_kb_block	2020.1.2	60.9123070148323	
																																		2	3	stimuli/s2.png	stimuli/s3.png	85	54	1	forced	0	1	0	1	1	0	0	1	2	stimuli/s1.png																																											0	14	14	14	0	0	0	0																																																																																													None	None	None	None	None	None	None	None	None	None	227.97970370000257	None	227.97970370000257	None	227.97970370000257	None	left	0	227.97970370000257	None	227.97970370000257	None	227.97970370000257	227.97970370000257	227.97970370000257	None	2	230.48464383400278	None	231.4967761070002	None	232.01324932699936	None	7	2.37	0.015158718400925864	None	70	None	None	2.4690438640027423																					999	12	F	2020_Mar_06_1318	three_arm_bandit_rating_kb_block	2020.1.2	60.9123070148323	
																																		2	3	stimuli/s2.png	stimuli/s3.png	85	54	1	forced	0	1	0	1	1	0	0	1	2	stimuli/s3.png																																											0	14	14	14	0	1	1	2																																																																																																																												234.40400605700415	None	5	3.624	0.0064494387042941526	None	50	None	None																						999	12	F	2020_Mar_06_1318	three_arm_bandit_rating_kb_block	2020.1.2	60.9123070148323	
																																		2	3	stimuli/s2.png	stimuli/s3.png	85	54	1	forced	0	1	0	1	1	0	0	1	2	stimuli/s2.png																																											0	14	14	14	0	2	2	1																																																																																																																												238.0464973249982	None	9	1.568	0.008195455695386045	None	90	None	None																						999	12	F	2020_Mar_06_1318	three_arm_bandit_rating_kb_block	2020.1.2	60.9123070148323	
																																		2	3	stimuli/s2.png	stimuli/s3.png	85	54	1	forced	0	1	0	1	1	0	0	1	2																																												0	14	14	14																																																																																																																																																														999	12	F	2020_Mar_06_1318	three_arm_bandit_rating_kb_block	2020.1.2	60.9123070148323	
																																		1	3	stimuli/s4.png	stimuli/s6.png	21	47	1	choice	1	0	0	0	0	0	1	2	3	stimuli/s3.png																																											0	15	15	15	0	0	0	2																																																																																													None	None	None	None	None	right	239.8293569630041	None	239.8293569630041	None	248.8455579270012	None	248.8455579270012	None	248.8455579270012	None	left	0	248.8455579270012	None	248.8455579270012	248.8455579270012	248.8455579270012	248.8455579270012	248.8455579270012	None	1	250.36205879400222	None	251.36301480800466	None	None	None	5	13.828	None	None	nan	None	None	1.4933137109983363		8.979351706999296																			999	12	F	2020_Mar_06_1318	three_arm_bandit_rating_kb_block	2020.1.2	60.9123070148323	
																																		1	3	stimuli/s4.png	stimuli/s6.png	21	47	1	choice	1	0	0	0	0	0	1	2	3	stimuli/s2.png																																											0	15	15	15	0	1	1	1																																																																																																																												None	None	5	13.836	None	None	nan	None	None																						999	12	F	2020_Mar_06_1318	three_arm_bandit_rating_kb_block	2020.1.2	60.9123070148323	
																																		1	3	stimuli/s4.png	stimuli/s6.png	21	47	1	choice	1	0	0	0	0	0	1	2	3	stimuli/s1.png																																											0	15	15	15	0	2	2	0																																																																																																																												None	None	5	13.845	None	None	nan	None	None																						999	12	F	2020_Mar_06_1318	three_arm_bandit_rating_kb_block	2020.1.2	60.9123070148323	
																																		1	3	stimuli/s4.png	stimuli/s6.png	21	47	1	choice	1	0	0	0	0	0	1	2	3																																												0	15	15	15																																																																																																																																																														999	12	F	2020_Mar_06_1318	three_arm_bandit_rating_kb_block	2020.1.2	60.9123070148323	
																																		3	2	stimuli/s6.png	stimuli/s5.png	16	79	1	choice	1	0	0	0	0	0	0	2	3	stimuli/s2.png																																											0	16	16	16	0	0	0	1																																																																																													None	None	None	None	None	None	None	None	None	None	252.09528293900075	None	252.09528293900075	None	252.09528293900075	None	left	0	252.09528293900075	None	252.09528293900075	252.09528293900075	252.09528293900075	252.09528293900075	252.09528293900075	None	3	253.1458295640041	None	254.1455263540047	None	None	None	5	16.612	None	None	nan	None	None	1.0335682849981822																					999	12	F	2020_Mar_06_1318	three_arm_bandit_rating_kb_block	2020.1.2	60.9123070148323	
																																		3	2	stimuli/s6.png	stimuli/s5.png	16	79	1	choice	1	0	0	0	0	0	0	2	3	stimuli/s1.png																																											0	16	16	16	0	1	1	0																																																																																																																												None	None	5	16.621	None	None	nan	None	None																						999	12	F	2020_Mar_06_1318	three_arm_bandit_rating_kb_block	2020.1.2	60.9123070148323	
																																		3	2	stimuli/s6.png	stimuli/s5.png	16	79	1	choice	1	0	0	0	0	0	0	2	3	stimuli/s3.png																																											0	16	16	16	0	2	2	2																																																																																																																												None	None	5	16.63	None	None	nan	None	None																						999	12	F	2020_Mar_06_1318	three_arm_bandit_rating_kb_block	2020.1.2	60.9123070148323	
																																		3	2	stimuli/s6.png	stimuli/s5.png	16	79	1	choice	1	0	0	0	0	0	0	2	3																																												0	16	16	16																																																																																																																																																														999	12	F	2020_Mar_06_1318	three_arm_bandit_rating_kb_block	2020.1.2	60.9123070148323	
																																		2	1	stimuli/s5.png	stimuli/s4.png	72	12	2	choice	1	0	0	0	0	0	0	2	3	stimuli/s3.png																																											0	17	17	17	0	0	0	2																																																																																													None	None	None	None	None	None	None	None	None	None	254.87881764399935	None	254.87881764399935	None	254.87881764399935	None	right	0	254.87881764399935	None	254.87881764399935	254.87881764399935	254.87881764399935	254.87881764399935	254.87881764399935	None	1	256.244721078001	None	257.24552509200294	None	None	None	5	19.71	None	None	nan	None	None	1.34364392599673																					999	12	F	2020_Mar_06_1318	three_arm_bandit_rating_kb_block	2020.1.2	60.9123070148323	
																																		2	1	stimuli/s5.png	stimuli/s4.png	72	12	2	choice	1	0	0	0	0	0	0	2	3	stimuli/s2.png																																											0	17	17	17	0	1	1	1																																																																																																																												None	None	5	19.717	None	None	nan	None	None																						999	12	F	2020_Mar_06_1318	three_arm_bandit_rating_kb_block	2020.1.2	60.9123070148323	
																																		2	1	stimuli/s5.png	stimuli/s4.png	72	12	2	choice	1	0	0	0	0	0	0	2	3	stimuli/s1.png																																											0	17	17	17	0	2	2	0																																																																																																																												None	None	5	19.726	None	None	nan	None	None																						999	12	F	2020_Mar_06_1318	three_arm_bandit_rating_kb_block	2020.1.2	60.9123070148323	
																																		2	1	stimuli/s5.png	stimuli/s4.png	72	12	2	choice	1	0	0	0	0	0	0	2	3																																												0	17	17	17																																																																																																																																																														999	12	F	2020_Mar_06_1318	three_arm_bandit_rating_kb_block	2020.1.2	60.9123070148323	
																																																				stimuli/s6.png																																																		0	0	0	5																																																																																																																																				258.1737034930047	None	265.5777069579999	None	8	1.935	0.014239773401641287	None											999	12	F	2020_Mar_06_1318	three_arm_bandit_rating_kb_block	2020.1.2	60.9123070148323	
																																																				stimuli/s1.png																																																		0	1	1	0																																																																																																																																						267.5458699189985	None	3	1.428	0.005658888701873366	None											999	12	F	2020_Mar_06_1318	three_arm_bandit_rating_kb_block	2020.1.2	60.9123070148323	
																																																				stimuli/s2.png																																																		0	2	2	1																																																																																																																																						268.98171311400074	None	6	1.029	0.007273017705301754	None											999	12	F	2020_Mar_06_1318	three_arm_bandit_rating_kb_block	2020.1.2	60.9123070148323	
																																																				stimuli/s5.png																																																		0	3	3	4																																																																																																																																						270.03240838400234	None	1	1.345	0.00745136670593638	None											999	12	F	2020_Mar_06_1318	three_arm_bandit_rating_kb_block	2020.1.2	60.9123070148323	
																																																				stimuli/s4.png																																																		0	4	4	3																																																																																																																																						271.4007223619992	None	10	1.161	0.007103468698915094	None											999	12	F	2020_Mar_06_1318	three_arm_bandit_rating_kb_block	2020.1.2	60.9123070148323	
																																																				stimuli/s3.png																																																		0	5	5	2																																																																																																																																						272.5854026130037	None	3	1.097	0.007608204701682553	None											999	12	F	2020_Mar_06_1318	three_arm_bandit_rating_kb_block	2020.1.2	60.9123070148323	
																																																					stimuli/s5.png																																																					0	0	0	4																																																																																																																																								274.0112652780008	None	279.84232026500104	None	3	1.107	0.0036373085022205487	None			999	12	F	2020_Mar_06_1318	three_arm_bandit_rating_kb_block	2020.1.2	60.9123070148323	
																																																					stimuli/s4.png																																																					0	1	1	3																																																																																																																																										280.9757466930023	None	8	0.835	0.014504483406199142	None			999	12	F	2020_Mar_06_1318	three_arm_bandit_rating_kb_block	2020.1.2	60.9123070148323	
																																																					stimuli/s2.png																																																					0	2	2	1																																																																																																																																										281.8439178710032	None	8	0.846	0.008261678704002406	None			999	12	F	2020_Mar_06_1318	three_arm_bandit_rating_kb_block	2020.1.2	60.9123070148323	
																																																					stimuli/s3.png																																																					0	3	3	2																																																																																																																																										282.7102764070005	None	2	0.844	0.008377802703762427	None			999	12	F	2020_Mar_06_1318	three_arm_bandit_rating_kb_block	2020.1.2	60.9123070148323	
																																																					stimuli/s1.png																																																					0	4	4	0																																																																																																																																										283.5783449829978	None	8	0.945	0.007050053704006132	None			999	12	F	2020_Mar_06_1318	three_arm_bandit_rating_kb_block	2020.1.2	60.9123070148323	
																																																					stimuli/s6.png																																																					0	5	5	5																																																																																																																																										284.5448805460037	None	4	0.81	0.005210877701756544	None			999	12	F	2020_Mar_06_1318	three_arm_bandit_rating_kb_block	2020.1.2	60.9123070148323	
																																																																																																																																																																																																																																																													285.59463163500186	None								
