pre_rating_pic,p1_file_name,p1_op_left,p1_op_right,p1_pic_left,p1_pic_right,p1_reward_1,p1_reward_2,p2_file_name,p2_op_left,p2_op_right,p2_pic_left,p2_pic_right,p2_reward_1,p2_reward_2,p2_forced_left,p2_forced_right,p3_file_name,p3_op_rating,p3_pic_rating,p4_file_name,p4_op_left,p4_op_right,p4_pic_left,p4_pic_right,p4_reward_1,p4_reward_2,p4_trial_type,p4_free_choice,p4_forced_left,p4_forced_right,p4_with_rating,p4_rt_fix_durat,p4_rating_pic,option_left,option_right,pic_left,pic_right,reward_stim_1,reward_stim_2,comp_number,trial_type,free_choice,forced_left,forced_right,with_rating,rt_fix_durat,with_block_break,with_new_instr,task_version,block_n,test_rating_pic,post_rating_pic1,post_rating_pic2,pre_loop.thisRepN,pre_loop.thisTrialN,pre_loop.thisN,pre_loop.thisIndex,p1_repeat.thisRepN,p1_repeat.thisTrialN,p1_repeat.thisN,p1_repeat.thisIndex,p1_loop.thisRepN,p1_loop.thisTrialN,p1_loop.thisN,p1_loop.thisIndex,p2_repeat.thisRepN,p2_repeat.thisTrialN,p2_repeat.thisN,p2_repeat.thisIndex,p2_loop.thisRepN,p2_loop.thisTrialN,p2_loop.thisN,p2_loop.thisIndex,p3_repeat.thisRepN,p3_repeat.thisTrialN,p3_repeat.thisN,p3_repeat.thisIndex,p3_loop.thisRepN,p3_loop.thisTrialN,p3_loop.thisN,p3_loop.thisIndex,p4_repeat.thisRepN,p4_repeat.thisTrialN,p4_repeat.thisN,p4_repeat.thisIndex,p4_loop.thisRepN,p4_loop.thisTrialN,p4_loop.thisN,p4_loop.thisIndex,p4_rating_loop.thisRepN,p4_rating_loop.thisTrialN,p4_rating_loop.thisN,p4_rating_loop.thisIndex,trials.thisRepN,trials.thisTrialN,trials.thisN,trials.thisIndex,test_rating_loop.thisRepN,test_rating_loop.thisTrialN,test_rating_loop.thisN,test_rating_loop.thisIndex,post_rating_loop1.thisRepN,post_rating_loop1.thisTrialN,post_rating_loop1.thisN,post_rating_loop1.thisIndex,post_rating_loop2.thisRepN,post_rating_loop2.thisTrialN,post_rating_loop2.thisN,post_rating_loop2.thisIndex,msg_pre.started,msg_pre.stopped,pic_pre.started,pic_pre.stopped,rating_bar_pre.response,rating_bar_pre.rt,rating_bar_pre.started,rating_bar_pre.stopped,msg_p1.started,msg_p1.stopped,left_option_p1.started,left_option_p1.stopped,right_option_p1.started,right_option_p1.stopped,fixation_p1.started,fixation_p1.stopped,fb_p1.started,fb_p1.stopped,msg2_p1.started,msg2_p1.stopped,msg_p2.started,msg_p2.stopped,left_option_p2.started,left_option_p2.stopped,right_option_p2.started,right_option_p2.stopped,fixation_p2.started,fixation_p2.stopped,left_gray_p2.started,left_gray_p2.stopped,right_gray_p2.started,right_gray_p2.stopped,fc_wrong_p2.started,fc_wrong_p2.stopped,fb_p2.started,fb_p2.stopped,msg2_p2.started,msg2_p2.stopped,msg_p3.started,msg_p3.stopped,pic_p3.started,pic_p3.stopped,rating_bar_p3.response,rating_bar_p3.rt,rating_bar_p3.started,rating_bar_p3.stopped,msg2_p3.started,msg2_p3.stopped,msg_p4.started,msg_p4.stopped,left_option_p4.started,left_option_p4.stopped,right_option_p4.started,right_option_p4.stopped,fixation_p4.started,fixation_p4.stopped,choice_p4.keys,choice_p4.rt,choice_p4.started,choice_p4.stopped,left_gray_p4.started,left_gray_p4.stopped,right_gray_p4.started,right_gray_p4.stopped,fc_wrong_p4.started,fc_wrong_p4.stopped,fb_p4.started,fb_p4.stopped,rating_p4.started,rating_p4.stopped,rating_bar_p4.response,rating_bar_p4.rt,rating_bar_p4.started,rating_bar_p4.stopped,reminder_rating_p4.started,reminder_rating_p4.stopped,msg2_p4.started,msg2_p4.stopped,instr_resp.keys,instr_resp.rt,instr_resp.started,instr_resp.stopped,test_instr_txt.started,test_instr_txt.stopped,break_text.started,break_text.stopped,break_resp.keys,break_resp.started,break_resp.stopped,new_instr_resp.keys,new_instr_resp.started,new_instr_resp.stopped,new_instr_txt.started,new_instr_txt.stopped,left_option.started,left_option.stopped,right_option.started,right_option.stopped,fixation.started,fixation.stopped,choice.keys,choice.corr,choice.rt,choice.started,choice.stopped,left_gray.started,left_gray.stopped,right_gray.started,right_gray.stopped,fc_wrong.started,fc_wrong.stopped,chosen_op,feedback_2.started,feedback_2.stopped,iti_fixation.started,iti_fixation.stopped,option_rating1.started,option_rating1.stopped,rating_bar1.response,rating_bar1.rt,rating_bar1.started,rating_bar1.stopped,rt_score1,reminder_rating1.started,reminder_rating1.stopped,break_resp.rt,new_instr_resp.rt,msg_post1.started,msg_post1.stopped,pic_post1.started,pic_post1.stopped,rating_bar_post1.response,rating_bar_post1.rt,rating_bar_post1.started,rating_bar_post1.stopped,msg_post2.started,msg_post2.stopped,pic_post1_2.started,pic_post1_2.stopped,rating_bar_post1_2.response,rating_bar_post1_2.rt,rating_bar_post1_2.started,rating_bar_post1_2.stopped,end_msg.started,end_msg.stopped,participant,age,gender,date,expName,psychopyVersion,frameRate,
stimuli/s6.png,,,,,,,,,,,,,,,,,,,,,,,,,,,,,,,,,,,,,,,,,,,,,,,,,,,,,,0,0,0,5,,,,,,,,,,,,,,,,,,,,,,,,,,,,,,,,,,,,,,,,,,,,,,,,,,,,,22.814007946988568,None,23.73059390997514,None,7,2.204,0.01641936181113124,None,,,,,,,,,,,,,,,,,,,,,,,,,,,,,,,,,,,,,,,,,,,,,,,,,,,,,,,,,,,,,,,,,,,,,,,,,,,,,,,,,,,,,,,,,,,,,,,,,,,,,,,,,,,,,,,,,,,,,,,,,,,,,,,,,,,,,,,,,,999,20,F,2020_Mar_05_0853,three_arm_bandit_rating_kb_block,2020.1.1,59.77373064401919,
stimuli/s5.png,,,,,,,,,,,,,,,,,,,,,,,,,,,,,,,,,,,,,,,,,,,,,,,,,,,,,,0,1,1,4,,,,,,,,,,,,,,,,,,,,,,,,,,,,,,,,,,,,,,,,,,,,,,,,,,,,,,,25.9315163299907,None,3,2.198,0.009584829909726977,None,,,,,,,,,,,,,,,,,,,,,,,,,,,,,,,,,,,,,,,,,,,,,,,,,,,,,,,,,,,,,,,,,,,,,,,,,,,,,,,,,,,,,,,,,,,,,,,,,,,,,,,,,,,,,,,,,,,,,,,,,,,,,,,,,,,,,,,,,,999,20,F,2020_Mar_05_0853,three_arm_bandit_rating_kb_block,2020.1.1,59.77373064401919,
stimuli/s2.png,,,,,,,,,,,,,,,,,,,,,,,,,,,,,,,,,,,,,,,,,,,,,,,,,,,,,,0,2,2,1,,,,,,,,,,,,,,,,,,,,,,,,,,,,,,,,,,,,,,,,,,,,,,,,,,,,,,,28.164329934865236,None,7,1.435,0.01060468191280961,None,,,,,,,,,,,,,,,,,,,,,,,,,,,,,,,,,,,,,,,,,,,,,,,,,,,,,,,,,,,,,,,,,,,,,,,,,,,,,,,,,,,,,,,,,,,,,,,,,,,,,,,,,,,,,,,,,,,,,,,,,,,,,,,,,,,,,,,,,,999,20,F,2020_Mar_05_0853,three_arm_bandit_rating_kb_block,2020.1.1,59.77373064401919,
stimuli/s4.png,,,,,,,,,,,,,,,,,,,,,,,,,,,,,,,,,,,,,,,,,,,,,,,,,,,,,,0,3,3,3,,,,,,,,,,,,,,,,,,,,,,,,,,,,,,,,,,,,,,,,,,,,,,,,,,,,,,,29.63184862700291,None,5,1.05,0.01098320004530251,None,,,,,,,,,,,,,,,,,,,,,,,,,,,,,,,,,,,,,,,,,,,,,,,,,,,,,,,,,,,,,,,,,,,,,,,,,,,,,,,,,,,,,,,,,,,,,,,,,,,,,,,,,,,,,,,,,,,,,,,,,,,,,,,,,,,,,,,,,,999,20,F,2020_Mar_05_0853,three_arm_bandit_rating_kb_block,2020.1.1,59.77373064401919,
stimuli/s1.png,,,,,,,,,,,,,,,,,,,,,,,,,,,,,,,,,,,,,,,,,,,,,,,,,,,,,,0,4,4,0,,,,,,,,,,,,,,,,,,,,,,,,,,,,,,,,,,,,,,,,,,,,,,,,,,,,,,,30.714534661965445,None,7,1.131,0.010528012877330184,None,,,,,,,,,,,,,,,,,,,,,,,,,,,,,,,,,,,,,,,,,,,,,,,,,,,,,,,,,,,,,,,,,,,,,,,,,,,,,,,,,,,,,,,,,,,,,,,,,,,,,,,,,,,,,,,,,,,,,,,,,,,,,,,,,,,,,,,,,,999,20,F,2020_Mar_05_0853,three_arm_bandit_rating_kb_block,2020.1.1,59.77373064401919,
stimuli/s3.png,,,,,,,,,,,,,,,,,,,,,,,,,,,,,,,,,,,,,,,,,,,,,,,,,,,,,,0,5,5,2,,,,,,,,,,,,,,,,,,,,,,,,,,,,,,,,,,,,,,,,,,,,,,,,,,,,,,,31.879932334879413,None,5,0.736,0.011425606906414032,None,,,,,,,,,,,,,,,,,,,,,,,,,,,,,,,,,,,,,,,,,,,,,,,,,,,,,,,,,,,,,,,,,,,,,,,,,,,,,,,,,,,,,,,,,,,,,,,,,,,,,,,,,,,,,,,,,,,,,,,,,,,,,,,,,,,,,,,,,,999,20,F,2020_Mar_05_0853,three_arm_bandit_rating_kb_block,2020.1.1,59.77373064401919,
,p1_cond.xlsx,1,2,stimuli/a1.png,stimuli/a2.png,16,54,,,,,,,,,,,,,,,,,,,,,,,,,,,,,,,,,,,,,,,,,,,,,,,,,,,0,0,0,0,0,0,0,1,,,,,,,,,,,,,,,,,,,,,,,,,,,,,,,,,,,,,,,,,,,,,,,,,,,,,32.6807570818346,None,34.14728669193573,None,34.14728669193573,None,34.14728669193573,None,36.331130996812135,None,,,,,,,,,,,,,,,,,,,,,,,,,,,,,,,,,,,,,,,,,,,,,,,,,,,,,,,,,,,,,,,,,,,,,,,,,,,,,,,,,,,,,,,,,,,,,,,,,,,,,,,,,,,,,,,,,,,,,,,,,,,,,,,,999,20,F,2020_Mar_05_0853,three_arm_bandit_rating_kb_block,2020.1.1,59.77373064401919,
,p1_cond.xlsx,2,1,stimuli/a2.png,stimuli/a1.png,47,15,,,,,,,,,,,,,,,,,,,,,,,,,,,,,,,,,,,,,,,,,,,,,,,,,,,0,0,0,0,0,1,1,2,,,,,,,,,,,,,,,,,,,,,,,,,,,,,,,,,,,,,,,,,,,,,,,,,,,,,,,37.348063407000154,None,37.348063407000154,None,37.348063407000154,None,37.76395618985407,None,,,,,,,,,,,,,,,,,,,,,,,,,,,,,,,,,,,,,,,,,,,,,,,,,,,,,,,,,,,,,,,,,,,,,,,,,,,,,,,,,,,,,,,,,,,,,,,,,,,,,,,,,,,,,,,,,,,,,,,,,,,,,,,,999,20,F,2020_Mar_05_0853,three_arm_bandit_rating_kb_block,2020.1.1,59.77373064401919,
,p1_cond.xlsx,3,2,stimuli/a3.png,stimuli/a2.png,72,43,,,,,,,,,,,,,,,,,,,,,,,,,,,,,,,,,,,,,,,,,,,,,,,,,,,0,0,0,0,0,2,2,3,,,,,,,,,,,,,,,,,,,,,,,,,,,,,,,,,,,,,,,,,,,,,,,,,,,,,,,38.78233383782208,None,38.78233383782208,None,38.78233383782208,None,39.04734121682122,None,,,,,,,,,,,,,,,,,,,,,,,,,,,,,,,,,,,,,,,,,,,,,,,,,,,,,,,,,,,,,,,,,,,,,,,,,,,,,,,,,,,,,,,,,,,,,,,,,,,,,,,,,,,,,,,,,,,,,,,,,,,,,,,,999,20,F,2020_Mar_05_0853,three_arm_bandit_rating_kb_block,2020.1.1,59.77373064401919,
,p1_cond.xlsx,3,1,stimuli/a3.png,stimuli/a1.png,85,19,,,,,,,,,,,,,,,,,,,,,,,,,,,,,,,,,,,,,,,,,,,,,,,,,,,0,0,0,0,0,3,3,0,,,,,,,,,,,,,,,,,,,,,,,,,,,,,,,,,,,,,,,,,,,,,,,,,,,,,,,40.064465161878616,None,40.064465161878616,None,40.064465161878616,None,40.36356527497992,None,,,,,,,,,,,,,,,,,,,,,,,,,,,,,,,,,,,,,,,,,,,,,,,,,,,,,,,,,,,,,,,,,,,,,,,,,,,,,,,,,,,,,,,,,,,,,,,,,,,,,,,,,,,,,,,,,,,,,,,,,,,,,,,,999,20,F,2020_Mar_05_0853,three_arm_bandit_rating_kb_block,2020.1.1,59.77373064401919,
,p1_cond.xlsx,,,,,,,,,,,,,,,,,,,,,,,,,,,,,,,,,,,,,,,,,,,,,,,,,,,,,,,,,0,0,0,0,,,,,,,,,,,,,,,,,,,,,,,,,,,,,,,,,,,,,,,,,,,,,,,,,,,,,,,,,,,,,,,,,,,41.39741464192048,None,,,,,,,,,,,,,,,,,,,,,,,,,,,,,,,,,,,,,,,,,,,,,,,,,,,,,,,,,,,,,,,,,,,,,,,,,,,,,,,,,,,,,,,,,,,,,,,,,,,,,,,,,,,,,,,,,,,,,,,,,,,,,,999,20,F,2020_Mar_05_0853,three_arm_bandit_rating_kb_block,2020.1.1,59.77373064401919,
,,,,,,,,p2_cond.xlsx,1,2,stimuli/a1.png,stimuli/a2.png,16,54,0,1,,,,,,,,,,,,,,,,,,,,,,,,,,,,,,,,,,,,,,,,,,,,,,,,,,0,0,0,0,0,0,0,1,,,,,,,,,,,,,,,,,,,,,,,,,,,,,,,,,,,,,,,,,,,,,,,,,,,,,,,,,46.28104965691455,None,53.51351091894321,None,53.51351091894321,None,53.51351091894321,None,53.51351091894321,53.51351091894321,53.51351091894321,None,53.51351091894321,None,54.28067385684699,None,,,,,,,,,,,,,,,,,,,,,,,,,,,,,,,,,,,,,,,,,,,,,,,,,,,,,,,,,,,,,,,,,,,,,,,,,,,,,,,,,,,,,,,,,,,,,,,,,,,,,,,,,,,,,,999,20,F,2020_Mar_05_0853,three_arm_bandit_rating_kb_block,2020.1.1,59.77373064401919,
,,,,,,,,p2_cond.xlsx,2,1,stimuli/a2.png,stimuli/a1.png,47,15,1,0,,,,,,,,,,,,,,,,,,,,,,,,,,,,,,,,,,,,,,,,,,,,,,,,,,0,0,0,0,0,1,1,2,,,,,,,,,,,,,,,,,,,,,,,,,,,,,,,,,,,,,,,,,,,,,,,,,,,,,,,,,,,55.29685273999348,None,55.29685273999348,None,55.29685273999348,None,55.29685273999348,None,55.29685273999348,55.29685273999348,55.29685273999348,None,55.69725674786605,None,,,,,,,,,,,,,,,,,,,,,,,,,,,,,,,,,,,,,,,,,,,,,,,,,,,,,,,,,,,,,,,,,,,,,,,,,,,,,,,,,,,,,,,,,,,,,,,,,,,,,,,,,,,,,,999,20,F,2020_Mar_05_0853,three_arm_bandit_rating_kb_block,2020.1.1,59.77373064401919,
,,,,,,,,p2_cond.xlsx,3,1,stimuli/a3.png,stimuli/a1.png,85,19,0,1,,,,,,,,,,,,,,,,,,,,,,,,,,,,,,,,,,,,,,,,,,,,,,,,,,0,0,0,0,0,2,2,0,,,,,,,,,,,,,,,,,,,,,,,,,,,,,,,,,,,,,,,,,,,,,,,,,,,,,,,,,,,56.714226154843345,None,56.714226154843345,None,56.714226154843345,None,56.714226154843345,56.714226154843345,56.714226154843345,None,56.714226154843345,None,58.13102714996785,None,,,,,,,,,,,,,,,,,,,,,,,,,,,,,,,,,,,,,,,,,,,,,,,,,,,,,,,,,,,,,,,,,,,,,,,,,,,,,,,,,,,,,,,,,,,,,,,,,,,,,,,,,,,,,,999,20,F,2020_Mar_05_0853,three_arm_bandit_rating_kb_block,2020.1.1,59.77373064401919,
,,,,,,,,p2_cond.xlsx,3,2,stimuli/a3.png,stimuli/a2.png,72,43,1,0,,,,,,,,,,,,,,,,,,,,,,,,,,,,,,,,,,,,,,,,,,,,,,,,,,0,0,0,0,0,3,3,3,,,,,,,,,,,,,,,,,,,,,,,,,,,,,,,,,,,,,,,,,,,,,,,,,,,,,,,,,,,59.14695630199276,None,59.14695630199276,None,59.14695630199276,None,59.14695630199276,None,59.14695630199276,59.14695630199276,59.14695630199276,None,60.63034079200588,None,,,,,,,,,,,,,,,,,,,,,,,,,,,,,,,,,,,,,,,,,,,,,,,,,,,,,,,,,,,,,,,,,,,,,,,,,,,,,,,,,,,,,,,,,,,,,,,,,,,,,,,,,,,,,,999,20,F,2020_Mar_05_0853,three_arm_bandit_rating_kb_block,2020.1.1,59.77373064401919,
,,,,,,,,p2_cond.xlsx,,,,,,,,,,,,,,,,,,,,,,,,,,,,,,,,,,,,,,,,,,,,,,,,,,,,,,,,,,0,0,0,0,,,,,,,,,,,,,,,,,,,,,,,,,,,,,,,,,,,,,,,,,,,,,,,,,,,,,,,,,,,,,,,,,,,,,,,,,,,,,61.69738842686638,None,,,,,,,,,,,,,,,,,,,,,,,,,,,,,,,,,,,,,,,,,,,,,,,,,,,,,,,,,,,,,,,,,,,,,,,,,,,,,,,,,,,,,,,,,,,,,,,,,,,,,,,,,,,,999,20,F,2020_Mar_05_0853,three_arm_bandit_rating_kb_block,2020.1.1,59.77373064401919,
,,,,,,,,,,,,,,,,,p3_cond.xlsx,2,stimuli/a2.png,,,,,,,,,,,,,,,,,,,,,,,,,,,,,,,,,,,,,,,,,,,,,,,,,,,,,,,0,0,0,0,0,0,0,1,,,,,,,,,,,,,,,,,,,,,,,,,,,,,,,,,,,,,,,,,,,,,,,,,,,,,,,,,,,,,,,,,,,62.73075582180172,None,63.38091155979782,None,5,1.218,0.010499605676159263,None,,,,,,,,,,,,,,,,,,,,,,,,,,,,,,,,,,,,,,,,,,,,,,,,,,,,,,,,,,,,,,,,,,,,,,,,,,,,,,,,,,,,,,,,,,,,,,,,,,,,999,20,F,2020_Mar_05_0853,three_arm_bandit_rating_kb_block,2020.1.1,59.77373064401919,
,,,,,,,,,,,,,,,,,p3_cond.xlsx,3,stimuli/a3.png,,,,,,,,,,,,,,,,,,,,,,,,,,,,,,,,,,,,,,,,,,,,,,,,,,,,,,,0,0,0,0,0,1,1,2,,,,,,,,,,,,,,,,,,,,,,,,,,,,,,,,,,,,,,,,,,,,,,,,,,,,,,,,,,,,,,,,,,,,,64.61366190179251,None,5,0.679,0.005097536137327552,None,,,,,,,,,,,,,,,,,,,,,,,,,,,,,,,,,,,,,,,,,,,,,,,,,,,,,,,,,,,,,,,,,,,,,,,,,,,,,,,,,,,,,,,,,,,,,,,,,,,,999,20,F,2020_Mar_05_0853,three_arm_bandit_rating_kb_block,2020.1.1,59.77373064401919,
,,,,,,,,,,,,,,,,,p3_cond.xlsx,1,stimuli/a1.png,,,,,,,,,,,,,,,,,,,,,,,,,,,,,,,,,,,,,,,,,,,,,,,,,,,,,,,0,0,0,0,0,2,2,0,,,,,,,,,,,,,,,,,,,,,,,,,,,,,,,,,,,,,,,,,,,,,,,,,,,,,,,,,,,,,,,,,,,,,65.3139192268718,None,5,0.38,0.005843685008585453,None,,,,,,,,,,,,,,,,,,,,,,,,,,,,,,,,,,,,,,,,,,,,,,,,,,,,,,,,,,,,,,,,,,,,,,,,,,,,,,,,,,,,,,,,,,,,,,,,,,,,999,20,F,2020_Mar_05_0853,three_arm_bandit_rating_kb_block,2020.1.1,59.77373064401919,
,,,,,,,,,,,,,,,,,p3_cond.xlsx,,,,,,,,,,,,,,,,,,,,,,,,,,,,,,,,,,,,,,,,,,,,,,,,,,,,,,,,,0,0,0,0,,,,,,,,,,,,,,,,,,,,,,,,,,,,,,,,,,,,,,,,,,,,,,,,,,,,,,,,,,,,,,,,,,,,,,,,,,,,,,,65.76415190193802,None,,,,,,,,,,,,,,,,,,,,,,,,,,,,,,,,,,,,,,,,,,,,,,,,,,,,,,,,,,,,,,,,,,,,,,,,,,,,,,,,,,,,,,,,,,,,,,,,,,999,20,F,2020_Mar_05_0853,three_arm_bandit_rating_kb_block,2020.1.1,59.77373064401919,
,,,,,,,,,,,,,,,,,,,,p4_cond.xlsx,3,1,stimuli/a3.png,stimuli/a1.png,85,54,forced,0,1,0,1,1,stimuli/a2.png,,,,,,,,,,,,,,,,,,,,,,,,,,,,,,,,,,,,,,,,,,,,,,,,,0,0,0,0,0,0,0,6,0,0,0,1,,,,,,,,,,,,,,,,,,,,,,,,,,,,,,,,,,,,,,,,,,,,,,,,,,,,,,,,,,,,,,,,,69.43039402691647,None,80.74747391184792,None,80.74747391184792,None,80.74747391184792,None,left,2.7397991220932454,80.74747391184792,None,80.74747391184792,None,80.74747391184792,80.74747391184792,80.74747391184792,None,83.53036410198547,None,84.56411410588771,None,5,1.096,0.004152016947045922,None,None,None,,,,,,,,,,,,,,,,,,,,,,,,,,,,,,,,,,,,,,,,,,,,,,,,,,,,,,,,,,,,,,,,,,,,,,999,20,F,2020_Mar_05_0853,three_arm_bandit_rating_kb_block,2020.1.1,59.77373064401919,
,,,,,,,,,,,,,,,,,,,,p4_cond.xlsx,3,1,stimuli/a3.png,stimuli/a1.png,85,54,forced,0,1,0,1,1,stimuli/a1.png,,,,,,,,,,,,,,,,,,,,,,,,,,,,,,,,,,,,,,,,,,,,,,,,,0,0,0,0,0,0,0,6,0,1,1,0,,,,,,,,,,,,,,,,,,,,,,,,,,,,,,,,,,,,,,,,,,,,,,,,,,,,,,,,,,,,,,,,,,,,,,,,,,,,,,,,,,,,,85.68102996679954,None,5,0.344,0.00489174691028893,None,None,None,,,,,,,,,,,,,,,,,,,,,,,,,,,,,,,,,,,,,,,,,,,,,,,,,,,,,,,,,,,,,,,,,,,,,,999,20,F,2020_Mar_05_0853,three_arm_bandit_rating_kb_block,2020.1.1,59.77373064401919,
,,,,,,,,,,,,,,,,,,,,p4_cond.xlsx,3,1,stimuli/a3.png,stimuli/a1.png,85,54,forced,0,1,0,1,1,stimuli/a3.png,,,,,,,,,,,,,,,,,,,,,,,,,,,,,,,,,,,,,,,,,,,,,,,,,0,0,0,0,0,0,0,6,0,2,2,2,,,,,,,,,,,,,,,,,,,,,,,,,,,,,,,,,,,,,,,,,,,,,,,,,,,,,,,,,,,,,,,,,,,,,,,,,,,,,,,,,,,,,86.04738823184744,None,5,0.328,0.005459624575451016,None,None,None,,,,,,,,,,,,,,,,,,,,,,,,,,,,,,,,,,,,,,,,,,,,,,,,,,,,,,,,,,,,,,,,,,,,,,999,20,F,2020_Mar_05_0853,three_arm_bandit_rating_kb_block,2020.1.1,59.77373064401919,
,,,,,,,,,,,,,,,,,,,,p4_cond.xlsx,3,1,stimuli/a3.png,stimuli/a1.png,85,54,forced,0,1,0,1,1,,,,,,,,,,,,,,,,,,,,,,,,,,,,,,,,,,,,,,,,,,,,,,,,,,0,0,0,0,0,0,0,6,,,,,,,,,,,,,,,,,,,,,,,,,,,,,,,,,,,,,,,,,,,,,,,,,,,,,,,,,,,,,,,,,,,,,,,,,,,,,,,,,,,,,,,,,,,,,,,,,,,,,,,,,,,,,,,,,,,,,,,,,,,,,,,,,,,,,,,,,,,,,,,,,,,,,,,,,,,,,,,,,,,,,,999,20,F,2020_Mar_05_0853,three_arm_bandit_rating_kb_block,2020.1.1,59.77373064401919,
,,,,,,,,,,,,,,,,,,,,p4_cond.xlsx,2,1,stimuli/a2.png,stimuli/a1.png,13,12,choice,1,0,0,0,0,stimuli/a2.png,,,,,,,,,,,,,,,,,,,,,,,,,,,,,,,,,,,,,,,,,,,,,,,,,0,0,0,0,0,1,1,2,0,0,0,1,,,,,,,,,,,,,,,,,,,,,,,,,,,,,,,,,,,,,,,,,,,,,,,,,,,,,,,,,,,,,,,,,,,86.56431999686174,None,86.56431999686174,None,86.56431999686174,None,right,0.7226556751411408,86.56431999686174,None,86.56431999686174,86.56431999686174,86.56431999686174,86.56431999686174,86.56431999686174,None,87.31401589186862,None,None,None,5,2.289,None,None,None,None,,,,,,,,,,,,,,,,,,,,,,,,,,,,,,,,,,,,,,,,,,,,,,,,,,,,,,,,,,,,,,,,,,,,,,999,20,F,2020_Mar_05_0853,three_arm_bandit_rating_kb_block,2020.1.1,59.77373064401919,
,,,,,,,,,,,,,,,,,,,,p4_cond.xlsx,2,1,stimuli/a2.png,stimuli/a1.png,13,12,choice,1,0,0,0,0,stimuli/a3.png,,,,,,,,,,,,,,,,,,,,,,,,,,,,,,,,,,,,,,,,,,,,,,,,,0,0,0,0,0,1,1,2,0,1,1,2,,,,,,,,,,,,,,,,,,,,,,,,,,,,,,,,,,,,,,,,,,,,,,,,,,,,,,,,,,,,,,,,,,,,,,,,,,,,,,,,,,,,,None,None,5,2.296,None,None,None,None,,,,,,,,,,,,,,,,,,,,,,,,,,,,,,,,,,,,,,,,,,,,,,,,,,,,,,,,,,,,,,,,,,,,,,999,20,F,2020_Mar_05_0853,three_arm_bandit_rating_kb_block,2020.1.1,59.77373064401919,
,,,,,,,,,,,,,,,,,,,,p4_cond.xlsx,2,1,stimuli/a2.png,stimuli/a1.png,13,12,choice,1,0,0,0,0,stimuli/a1.png,,,,,,,,,,,,,,,,,,,,,,,,,,,,,,,,,,,,,,,,,,,,,,,,,0,0,0,0,0,1,1,2,0,2,2,0,,,,,,,,,,,,,,,,,,,,,,,,,,,,,,,,,,,,,,,,,,,,,,,,,,,,,,,,,,,,,,,,,,,,,,,,,,,,,,,,,,,,,None,None,5,2.303,None,None,None,None,,,,,,,,,,,,,,,,,,,,,,,,,,,,,,,,,,,,,,,,,,,,,,,,,,,,,,,,,,,,,,,,,,,,,,999,20,F,2020_Mar_05_0853,three_arm_bandit_rating_kb_block,2020.1.1,59.77373064401919,
,,,,,,,,,,,,,,,,,,,,p4_cond.xlsx,2,1,stimuli/a2.png,stimuli/a1.png,13,12,choice,1,0,0,0,0,,,,,,,,,,,,,,,,,,,,,,,,,,,,,,,,,,,,,,,,,,,,,,,,,,0,0,0,0,0,1,1,2,,,,,,,,,,,,,,,,,,,,,,,,,,,,,,,,,,,,,,,,,,,,,,,,,,,,,,,,,,,,,,,,,,,,,,,,,,,,,,,,,,,,,,,,,,,,,,,,,,,,,,,,,,,,,,,,,,,,,,,,,,,,,,,,,,,,,,,,,,,,,,,,,,,,,,,,,,,,,,,,,,,,,,999,20,F,2020_Mar_05_0853,three_arm_bandit_rating_kb_block,2020.1.1,59.77373064401919,
,,,,,,,,,,,,,,,,,,,,p4_cond.xlsx,1,2,stimuli/a1.png,stimuli/a2.png,16,76,forced,0,1,0,0,0,stimuli/a1.png,,,,,,,,,,,,,,,,,,,,,,,,,,,,,,,,,,,,,,,,,,,,,,,,,0,0,0,0,0,2,2,3,0,0,0,0,,,,,,,,,,,,,,,,,,,,,,,,,,,,,,,,,,,,,,,,,,,,,,,,,,,,,,,,,,,,,,,,,,,88.44762749178335,None,88.44762749178335,None,88.44762749178335,None,left,1.2952142779249698,88.44762749178335,None,88.44762749178335,None,88.44762749178335,88.44762749178335,88.44762749178335,None,89.76435133186169,None,None,None,5,4.741,None,None,None,None,,,,,,,,,,,,,,,,,,,,,,,,,,,,,,,,,,,,,,,,,,,,,,,,,,,,,,,,,,,,,,,,,,,,,,999,20,F,2020_Mar_05_0853,three_arm_bandit_rating_kb_block,2020.1.1,59.77373064401919,
,,,,,,,,,,,,,,,,,,,,p4_cond.xlsx,1,2,stimuli/a1.png,stimuli/a2.png,16,76,forced,0,1,0,0,0,stimuli/a2.png,,,,,,,,,,,,,,,,,,,,,,,,,,,,,,,,,,,,,,,,,,,,,,,,,0,0,0,0,0,2,2,3,0,1,1,1,,,,,,,,,,,,,,,,,,,,,,,,,,,,,,,,,,,,,,,,,,,,,,,,,,,,,,,,,,,,,,,,,,,,,,,,,,,,,,,,,,,,,None,None,5,4.749,None,None,None,None,,,,,,,,,,,,,,,,,,,,,,,,,,,,,,,,,,,,,,,,,,,,,,,,,,,,,,,,,,,,,,,,,,,,,,999,20,F,2020_Mar_05_0853,three_arm_bandit_rating_kb_block,2020.1.1,59.77373064401919,
,,,,,,,,,,,,,,,,,,,,p4_cond.xlsx,1,2,stimuli/a1.png,stimuli/a2.png,16,76,forced,0,1,0,0,0,stimuli/a3.png,,,,,,,,,,,,,,,,,,,,,,,,,,,,,,,,,,,,,,,,,,,,,,,,,0,0,0,0,0,2,2,3,0,2,2,2,,,,,,,,,,,,,,,,,,,,,,,,,,,,,,,,,,,,,,,,,,,,,,,,,,,,,,,,,,,,,,,,,,,,,,,,,,,,,,,,,,,,,None,None,5,4.756,None,None,None,None,,,,,,,,,,,,,,,,,,,,,,,,,,,,,,,,,,,,,,,,,,,,,,,,,,,,,,,,,,,,,,,,,,,,,,999,20,F,2020_Mar_05_0853,three_arm_bandit_rating_kb_block,2020.1.1,59.77373064401919,
,,,,,,,,,,,,,,,,,,,,p4_cond.xlsx,1,2,stimuli/a1.png,stimuli/a2.png,16,76,forced,0,1,0,0,0,,,,,,,,,,,,,,,,,,,,,,,,,,,,,,,,,,,,,,,,,,,,,,,,,,0,0,0,0,0,2,2,3,,,,,,,,,,,,,,,,,,,,,,,,,,,,,,,,,,,,,,,,,,,,,,,,,,,,,,,,,,,,,,,,,,,,,,,,,,,,,,,,,,,,,,,,,,,,,,,,,,,,,,,,,,,,,,,,,,,,,,,,,,,,,,,,,,,,,,,,,,,,,,,,,,,,,,,,,,,,,,,,,,,,,,999,20,F,2020_Mar_05_0853,three_arm_bandit_rating_kb_block,2020.1.1,59.77373064401919,
,,,,,,,,,,,,,,,,,,,,p4_cond.xlsx,1,3,stimuli/a1.png,stimuli/a3.png,21,47,choice,1,0,0,0,0,stimuli/a2.png,,,,,,,,,,,,,,,,,,,,,,,,,,,,,,,,,,,,,,,,,,,,,,,,,0,0,0,0,0,3,3,0,0,0,0,1,,,,,,,,,,,,,,,,,,,,,,,,,,,,,,,,,,,,,,,,,,,,,,,,,,,,,,,,,,,,,,,,,,,90.89693557983264,None,90.89693557983264,None,90.89693557983264,None,right,0.45787775819189847,90.89693557983264,None,90.89693557983264,90.89693557983264,90.89693557983264,90.89693557983264,90.89693557983264,None,91.39709106180817,None,None,None,5,6.374,None,None,None,None,,,,,,,,,,,,,,,,,,,,,,,,,,,,,,,,,,,,,,,,,,,,,,,,,,,,,,,,,,,,,,,,,,,,,,999,20,F,2020_Mar_05_0853,three_arm_bandit_rating_kb_block,2020.1.1,59.77373064401919,
,,,,,,,,,,,,,,,,,,,,p4_cond.xlsx,1,3,stimuli/a1.png,stimuli/a3.png,21,47,choice,1,0,0,0,0,stimuli/a3.png,,,,,,,,,,,,,,,,,,,,,,,,,,,,,,,,,,,,,,,,,,,,,,,,,0,0,0,0,0,3,3,0,0,1,1,2,,,,,,,,,,,,,,,,,,,,,,,,,,,,,,,,,,,,,,,,,,,,,,,,,,,,,,,,,,,,,,,,,,,,,,,,,,,,,,,,,,,,,None,None,5,6.385,None,None,None,None,,,,,,,,,,,,,,,,,,,,,,,,,,,,,,,,,,,,,,,,,,,,,,,,,,,,,,,,,,,,,,,,,,,,,,999,20,F,2020_Mar_05_0853,three_arm_bandit_rating_kb_block,2020.1.1,59.77373064401919,
,,,,,,,,,,,,,,,,,,,,p4_cond.xlsx,1,3,stimuli/a1.png,stimuli/a3.png,21,47,choice,1,0,0,0,0,stimuli/a1.png,,,,,,,,,,,,,,,,,,,,,,,,,,,,,,,,,,,,,,,,,,,,,,,,,0,0,0,0,0,3,3,0,0,2,2,0,,,,,,,,,,,,,,,,,,,,,,,,,,,,,,,,,,,,,,,,,,,,,,,,,,,,,,,,,,,,,,,,,,,,,,,,,,,,,,,,,,,,,None,None,5,6.392,None,None,None,None,,,,,,,,,,,,,,,,,,,,,,,,,,,,,,,,,,,,,,,,,,,,,,,,,,,,,,,,,,,,,,,,,,,,,,999,20,F,2020_Mar_05_0853,three_arm_bandit_rating_kb_block,2020.1.1,59.77373064401919,
,,,,,,,,,,,,,,,,,,,,p4_cond.xlsx,1,3,stimuli/a1.png,stimuli/a3.png,21,47,choice,1,0,0,0,0,,,,,,,,,,,,,,,,,,,,,,,,,,,,,,,,,,,,,,,,,,,,,,,,,,0,0,0,0,0,3,3,0,,,,,,,,,,,,,,,,,,,,,,,,,,,,,,,,,,,,,,,,,,,,,,,,,,,,,,,,,,,,,,,,,,,,,,,,,,,,,,,,,,,,,,,,,,,,,,,,,,,,,,,,,,,,,,,,,,,,,,,,,,,,,,,,,,,,,,,,,,,,,,,,,,,,,,,,,,,,,,,,,,,,,,999,20,F,2020_Mar_05_0853,three_arm_bandit_rating_kb_block,2020.1.1,59.77373064401919,
,,,,,,,,,,,,,,,,,,,,p4_cond.xlsx,2,3,stimuli/a2.png,stimuli/a3.png,87,61,choice,1,0,0,0,0,stimuli/a3.png,,,,,,,,,,,,,,,,,,,,,,,,,,,,,,,,,,,,,,,,,,,,,,,,,0,0,0,0,0,4,4,5,0,0,0,2,,,,,,,,,,,,,,,,,,,,,,,,,,,,,,,,,,,,,,,,,,,,,,,,,,,,,,,,,,,,,,,,,,,92.5309184268117,None,92.5309184268117,None,92.5309184268117,None,left,0.3467571830842644,92.5309184268117,None,92.5309184268117,92.5309184268117,92.5309184268117,92.5309184268117,92.5309184268117,None,92.89774178201333,None,None,None,5,7.874,None,None,None,None,,,,,,,,,,,,,,,,,,,,,,,,,,,,,,,,,,,,,,,,,,,,,,,,,,,,,,,,,,,,,,,,,,,,,,999,20,F,2020_Mar_05_0853,three_arm_bandit_rating_kb_block,2020.1.1,59.77373064401919,
,,,,,,,,,,,,,,,,,,,,p4_cond.xlsx,2,3,stimuli/a2.png,stimuli/a3.png,87,61,choice,1,0,0,0,0,stimuli/a2.png,,,,,,,,,,,,,,,,,,,,,,,,,,,,,,,,,,,,,,,,,,,,,,,,,0,0,0,0,0,4,4,5,0,1,1,1,,,,,,,,,,,,,,,,,,,,,,,,,,,,,,,,,,,,,,,,,,,,,,,,,,,,,,,,,,,,,,,,,,,,,,,,,,,,,,,,,,,,,None,None,5,7.881,None,None,None,None,,,,,,,,,,,,,,,,,,,,,,,,,,,,,,,,,,,,,,,,,,,,,,,,,,,,,,,,,,,,,,,,,,,,,,999,20,F,2020_Mar_05_0853,three_arm_bandit_rating_kb_block,2020.1.1,59.77373064401919,
,,,,,,,,,,,,,,,,,,,,p4_cond.xlsx,2,3,stimuli/a2.png,stimuli/a3.png,87,61,choice,1,0,0,0,0,stimuli/a1.png,,,,,,,,,,,,,,,,,,,,,,,,,,,,,,,,,,,,,,,,,,,,,,,,,0,0,0,0,0,4,4,5,0,2,2,0,,,,,,,,,,,,,,,,,,,,,,,,,,,,,,,,,,,,,,,,,,,,,,,,,,,,,,,,,,,,,,,,,,,,,,,,,,,,,,,,,,,,,None,None,5,7.888,None,None,None,None,,,,,,,,,,,,,,,,,,,,,,,,,,,,,,,,,,,,,,,,,,,,,,,,,,,,,,,,,,,,,,,,,,,,,,999,20,F,2020_Mar_05_0853,three_arm_bandit_rating_kb_block,2020.1.1,59.77373064401919,
,,,,,,,,,,,,,,,,,,,,p4_cond.xlsx,2,3,stimuli/a2.png,stimuli/a3.png,87,61,choice,1,0,0,0,0,,,,,,,,,,,,,,,,,,,,,,,,,,,,,,,,,,,,,,,,,,,,,,,,,,0,0,0,0,0,4,4,5,,,,,,,,,,,,,,,,,,,,,,,,,,,,,,,,,,,,,,,,,,,,,,,,,,,,,,,,,,,,,,,,,,,,,,,,,,,,,,,,,,,,,,,,,,,,,,,,,,,,,,,,,,,,,,,,,,,,,,,,,,,,,,,,,,,,,,,,,,,,,,,,,,,,,,,,,,,,,,,,,,,,,,999,20,F,2020_Mar_05_0853,three_arm_bandit_rating_kb_block,2020.1.1,59.77373064401919,
,,,,,,,,,,,,,,,,,,,,p4_cond.xlsx,2,3,stimuli/a2.png,stimuli/a3.png,26,61,forced,0,0,1,0,0,stimuli/a3.png,,,,,,,,,,,,,,,,,,,,,,,,,,,,,,,,,,,,,,,,,,,,,,,,,0,0,0,0,0,5,5,4,0,0,0,2,,,,,,,,,,,,,,,,,,,,,,,,,,,,,,,,,,,,,,,,,,,,,,,,,,,,,,,,,,,,,,,,,,,94.03116415487602,None,94.03116415487602,None,94.03116415487602,None,right,0.6972872870974243,94.03116415487602,None,94.03116415487602,94.03116415487602,94.03116415487602,None,94.03116415487602,None,94.74760161689483,None,None,None,5,9.723,None,None,None,None,,,,,,,,,,,,,,,,,,,,,,,,,,,,,,,,,,,,,,,,,,,,,,,,,,,,,,,,,,,,,,,,,,,,,,999,20,F,2020_Mar_05_0853,three_arm_bandit_rating_kb_block,2020.1.1,59.77373064401919,
,,,,,,,,,,,,,,,,,,,,p4_cond.xlsx,2,3,stimuli/a2.png,stimuli/a3.png,26,61,forced,0,0,1,0,0,stimuli/a1.png,,,,,,,,,,,,,,,,,,,,,,,,,,,,,,,,,,,,,,,,,,,,,,,,,0,0,0,0,0,5,5,4,0,1,1,0,,,,,,,,,,,,,,,,,,,,,,,,,,,,,,,,,,,,,,,,,,,,,,,,,,,,,,,,,,,,,,,,,,,,,,,,,,,,,,,,,,,,,None,None,5,9.73,None,None,None,None,,,,,,,,,,,,,,,,,,,,,,,,,,,,,,,,,,,,,,,,,,,,,,,,,,,,,,,,,,,,,,,,,,,,,,999,20,F,2020_Mar_05_0853,three_arm_bandit_rating_kb_block,2020.1.1,59.77373064401919,
,,,,,,,,,,,,,,,,,,,,p4_cond.xlsx,2,3,stimuli/a2.png,stimuli/a3.png,26,61,forced,0,0,1,0,0,stimuli/a2.png,,,,,,,,,,,,,,,,,,,,,,,,,,,,,,,,,,,,,,,,,,,,,,,,,0,0,0,0,0,5,5,4,0,2,2,1,,,,,,,,,,,,,,,,,,,,,,,,,,,,,,,,,,,,,,,,,,,,,,,,,,,,,,,,,,,,,,,,,,,,,,,,,,,,,,,,,,,,,None,None,5,9.737,None,None,None,None,,,,,,,,,,,,,,,,,,,,,,,,,,,,,,,,,,,,,,,,,,,,,,,,,,,,,,,,,,,,,,,,,,,,,,999,20,F,2020_Mar_05_0853,three_arm_bandit_rating_kb_block,2020.1.1,59.77373064401919,
,,,,,,,,,,,,,,,,,,,,p4_cond.xlsx,2,3,stimuli/a2.png,stimuli/a3.png,26,61,forced,0,0,1,0,0,,,,,,,,,,,,,,,,,,,,,,,,,,,,,,,,,,,,,,,,,,,,,,,,,,0,0,0,0,0,5,5,4,,,,,,,,,,,,,,,,,,,,,,,,,,,,,,,,,,,,,,,,,,,,,,,,,,,,,,,,,,,,,,,,,,,,,,,,,,,,,,,,,,,,,,,,,,,,,,,,,,,,,,,,,,,,,,,,,,,,,,,,,,,,,,,,,,,,,,,,,,,,,,,,,,,,,,,,,,,,,,,,,,,,,,999,20,F,2020_Mar_05_0853,three_arm_bandit_rating_kb_block,2020.1.1,59.77373064401919,
,,,,,,,,,,,,,,,,,,,,p4_cond.xlsx,1,2,stimuli/a1.png,stimuli/a2.png,16,79,choice,1,0,0,0,0,stimuli/a1.png,,,,,,,,,,,,,,,,,,,,,,,,,,,,,,,,,,,,,,,,,,,,,,,,,0,0,0,0,0,6,6,1,0,0,0,0,,,,,,,,,,,,,,,,,,,,,,,,,,,,,,,,,,,,,,,,,,,,,,,,,,,,,,,,,,,,,,,,,,,95.88085849187337,None,95.88085849187337,None,95.88085849187337,None,right,0.5556258868891746,95.88085849187337,None,95.88085849187337,95.88085849187337,95.88085849187337,95.88085849187337,95.88085849187337,None,96.46382146188989,None,None,None,5,11.44,None,None,None,None,,,,,,,,,,,,,,,,,,,,,,,,,,,,,,,,,,,,,,,,,,,,,,,,,,,,,,,,,,,,,,,,,,,,,,999,20,F,2020_Mar_05_0853,three_arm_bandit_rating_kb_block,2020.1.1,59.77373064401919,
,,,,,,,,,,,,,,,,,,,,p4_cond.xlsx,1,2,stimuli/a1.png,stimuli/a2.png,16,79,choice,1,0,0,0,0,stimuli/a3.png,,,,,,,,,,,,,,,,,,,,,,,,,,,,,,,,,,,,,,,,,,,,,,,,,0,0,0,0,0,6,6,1,0,1,1,2,,,,,,,,,,,,,,,,,,,,,,,,,,,,,,,,,,,,,,,,,,,,,,,,,,,,,,,,,,,,,,,,,,,,,,,,,,,,,,,,,,,,,None,None,5,11.448,None,None,None,None,,,,,,,,,,,,,,,,,,,,,,,,,,,,,,,,,,,,,,,,,,,,,,,,,,,,,,,,,,,,,,,,,,,,,,999,20,F,2020_Mar_05_0853,three_arm_bandit_rating_kb_block,2020.1.1,59.77373064401919,
,,,,,,,,,,,,,,,,,,,,p4_cond.xlsx,1,2,stimuli/a1.png,stimuli/a2.png,16,79,choice,1,0,0,0,0,stimuli/a2.png,,,,,,,,,,,,,,,,,,,,,,,,,,,,,,,,,,,,,,,,,,,,,,,,,0,0,0,0,0,6,6,1,0,2,2,1,,,,,,,,,,,,,,,,,,,,,,,,,,,,,,,,,,,,,,,,,,,,,,,,,,,,,,,,,,,,,,,,,,,,,,,,,,,,,,,,,,,,,None,None,5,11.456,None,None,None,None,,,,,,,,,,,,,,,,,,,,,,,,,,,,,,,,,,,,,,,,,,,,,,,,,,,,,,,,,,,,,,,,,,,,,,999,20,F,2020_Mar_05_0853,three_arm_bandit_rating_kb_block,2020.1.1,59.77373064401919,
,,,,,,,,,,,,,,,,,,,,p4_cond.xlsx,1,2,stimuli/a1.png,stimuli/a2.png,16,79,choice,1,0,0,0,0,,,,,,,,,,,,,,,,,,,,,,,,,,,,,,,,,,,,,,,,,,,,,,,,,,0,0,0,0,0,6,6,1,,,,,,,,,,,,,,,,,,,,,,,,,,,,,,,,,,,,,,,,,,,,,,,,,,,,,,,,,,,,,,,,,,,,,,,,,,,,,,,,,,,,,,,,,,,,,,,,,,,,,,,,,,,,,,,,,,,,,,,,,,,,,,,,,,,,,,,,,,,,,,,,,,,,,,,,,,,,,,,,,,,,,,999,20,F,2020_Mar_05_0853,three_arm_bandit_rating_kb_block,2020.1.1,59.77373064401919,
,,,,,,,,,,,,,,,,,,,,p4_cond.xlsx,,,,,,,,,,,,,,,,,,,,,,,,,,,,,,,,,,,,,,,,,,,,,,,,,,,,,,,,,,,,,,0,0,0,0,,,,,,,,,,,,,,,,,,,,,,,,,,,,,,,,,,,,,,,,,,,,,,,,,,,,,,,,,,,,,,,,,,,,,,,,,,,,,,,,,,,,,,,,,,,,,,,,,,,,,97.73105547693558,None,,,,,,,,,,,,,,,,,,,,,,,,,,,,,,,,,,,,,,,,,,,,,,,,,,,,,,,,,,,,,,,,,,,,999,20,F,2020_Mar_05_0853,three_arm_bandit_rating_kb_block,2020.1.1,59.77373064401919,
,,,,,,,,,,,,,,,,,,,,,,,,,,,,,,,,,,,,,,,,,,,,,,,,,,,,,,,,,,,,,,,,,,,,,,,,,,,,,,,,,,,,,,,,,,,,,,,,,,,,,,,,,,,,,,,,,,,,,,,,,,,,,,,,,,,,,,,,,,,,,,,,,,,,,,,,,,,,,,,,,,,,,,,,,,,,,,,,,,,,,,,,,,,,right,9.962561537977308,102.58105453685857,None,,,,,,,,,,,,,,,,,,,,,,,,,,,,,,,,,,,,,,,,,,,,,,,,,,,,,,,,,,,,,,,,999,20,F,2020_Mar_05_0853,three_arm_bandit_rating_kb_block,2020.1.1,59.77373064401919,
,,,,,,,,,,,,,,,,,,,,,,,,,,,,,,,,,,1,3,stimuli/s1.png,stimuli/s3.png,21,47,1,choice,1,0,0,0,0,0,0,1,1,stimuli/s1.png,,,,,,,,,,,,,,,,,,,,,,,,,,,,,,,,,,,,,,,,,,,0,0,0,0,0,0,0,0,,,,,,,,,,,,,,,,,,,,,,,,,,,,,,,,,,,,,,,,,,,,,,,,,,,,,,,,,,,,,,,,,,,,,,,,,,,,,,,,,,,,,,,,,,,102.58105453685857,None,None,None,None,None,None,None,None,None,None,None,112.61434281198308,None,112.61434281198308,None,112.61434281198308,None,right,0,0.8049684672150761,112.61434281198308,None,112.61434281198308,112.61434281198308,112.61434281198308,112.61434281198308,112.61434281198308,None,3,113.46456997189671,None,114.46432290994562,None,None,None,5,92.301,None,None,nan,None,None,,,,,,,,,,,,,,,,,,,,,999,20,F,2020_Mar_05_0853,three_arm_bandit_rating_kb_block,2020.1.1,59.77373064401919,
,,,,,,,,,,,,,,,,,,,,,,,,,,,,,,,,,,1,3,stimuli/s1.png,stimuli/s3.png,21,47,1,choice,1,0,0,0,0,0,0,1,1,stimuli/s2.png,,,,,,,,,,,,,,,,,,,,,,,,,,,,,,,,,,,,,,,,,,,0,0,0,0,0,1,1,1,,,,,,,,,,,,,,,,,,,,,,,,,,,,,,,,,,,,,,,,,,,,,,,,,,,,,,,,,,,,,,,,,,,,,,,,,,,,,,,,,,,,,,,,,,,,,,,,,,,,,,,,,,,,,,,,,,,,,,,,,,,,,None,None,5,92.316,None,None,nan,None,None,,,,,,,,,,,,,,,,,,,,,999,20,F,2020_Mar_05_0853,three_arm_bandit_rating_kb_block,2020.1.1,59.77373064401919,
,,,,,,,,,,,,,,,,,,,,,,,,,,,,,,,,,,1,3,stimuli/s1.png,stimuli/s3.png,21,47,1,choice,1,0,0,0,0,0,0,1,1,stimuli/s3.png,,,,,,,,,,,,,,,,,,,,,,,,,,,,,,,,,,,,,,,,,,,0,0,0,0,0,2,2,2,,,,,,,,,,,,,,,,,,,,,,,,,,,,,,,,,,,,,,,,,,,,,,,,,,,,,,,,,,,,,,,,,,,,,,,,,,,,,,,,,,,,,,,,,,,,,,,,,,,,,,,,,,,,,,,,,,,,,,,,,,,,,None,None,5,92.325,None,None,nan,None,None,,,,,,,,,,,,,,,,,,,,,999,20,F,2020_Mar_05_0853,three_arm_bandit_rating_kb_block,2020.1.1,59.77373064401919,
,,,,,,,,,,,,,,,,,,,,,,,,,,,,,,,,,,1,3,stimuli/s1.png,stimuli/s3.png,21,47,1,choice,1,0,0,0,0,0,0,1,1,,,,,,,,,,,,,,,,,,,,,,,,,,,,,,,,,,,,,,,,,,,,0,0,0,0,,,,,,,,,,,,,,,,,,,,,,,,,,,,,,,,,,,,,,,,,,,,,,,,,,,,,,,,,,,,,,,,,,,,,,,,,,,,,,,,,,,,,,,,,,,,,,,,,,,,,,,,,,,,,,,,,,,,,,,,,,,,,,,,,,,,,,,,,,,,,,,,,,,,,,,,,,,,,,999,20,F,2020_Mar_05_0853,three_arm_bandit_rating_kb_block,2020.1.1,59.77373064401919,
,,,,,,,,,,,,,,,,,,,,,,,,,,,,,,,,,,1,2,stimuli/s1.png,stimuli/s2.png,16,79,1,choice,1,0,0,0,0,0,0,1,1,stimuli/s1.png,,,,,,,,,,,,,,,,,,,,,,,,,,,,,,,,,,,,,,,,,,,0,1,1,1,0,0,0,0,,,,,,,,,,,,,,,,,,,,,,,,,,,,,,,,,,,,,,,,,,,,,,,,,,,,,,,,,,,,,,,,,,,,,,,,,,,,,,,,,,,,,,,,,,,,,None,None,None,None,None,None,None,None,None,None,115.14775850181468,None,115.14775850181468,None,115.14775850181468,None,left,0,0.3494589349720627,115.14775850181468,None,115.14775850181468,115.14775850181468,115.14775850181468,115.14775850181468,115.14775850181468,None,1,115.5139263200108,None,116.51442767982371,None,None,None,5,94.345,None,None,nan,None,None,,,,,,,,,,,,,,,,,,,,,999,20,F,2020_Mar_05_0853,three_arm_bandit_rating_kb_block,2020.1.1,59.77373064401919,
,,,,,,,,,,,,,,,,,,,,,,,,,,,,,,,,,,1,2,stimuli/s1.png,stimuli/s2.png,16,79,1,choice,1,0,0,0,0,0,0,1,1,stimuli/s3.png,,,,,,,,,,,,,,,,,,,,,,,,,,,,,,,,,,,,,,,,,,,0,1,1,1,0,1,1,2,,,,,,,,,,,,,,,,,,,,,,,,,,,,,,,,,,,,,,,,,,,,,,,,,,,,,,,,,,,,,,,,,,,,,,,,,,,,,,,,,,,,,,,,,,,,,,,,,,,,,,,,,,,,,,,,,,,,,,,,,,,,,None,None,5,94.354,None,None,nan,None,None,,,,,,,,,,,,,,,,,,,,,999,20,F,2020_Mar_05_0853,three_arm_bandit_rating_kb_block,2020.1.1,59.77373064401919,
,,,,,,,,,,,,,,,,,,,,,,,,,,,,,,,,,,1,2,stimuli/s1.png,stimuli/s2.png,16,79,1,choice,1,0,0,0,0,0,0,1,1,stimuli/s2.png,,,,,,,,,,,,,,,,,,,,,,,,,,,,,,,,,,,,,,,,,,,0,1,1,1,0,2,2,1,,,,,,,,,,,,,,,,,,,,,,,,,,,,,,,,,,,,,,,,,,,,,,,,,,,,,,,,,,,,,,,,,,,,,,,,,,,,,,,,,,,,,,,,,,,,,,,,,,,,,,,,,,,,,,,,,,,,,,,,,,,,,None,None,5,94.367,None,None,nan,None,None,,,,,,,,,,,,,,,,,,,,,999,20,F,2020_Mar_05_0853,three_arm_bandit_rating_kb_block,2020.1.1,59.77373064401919,
,,,,,,,,,,,,,,,,,,,,,,,,,,,,,,,,,,1,2,stimuli/s1.png,stimuli/s2.png,16,79,1,choice,1,0,0,0,0,0,0,1,1,,,,,,,,,,,,,,,,,,,,,,,,,,,,,,,,,,,,,,,,,,,,0,1,1,1,,,,,,,,,,,,,,,,,,,,,,,,,,,,,,,,,,,,,,,,,,,,,,,,,,,,,,,,,,,,,,,,,,,,,,,,,,,,,,,,,,,,,,,,,,,,,,,,,,,,,,,,,,,,,,,,,,,,,,,,,,,,,,,,,,,,,,,,,,,,,,,,,,,,,,,,,,,,,,999,20,F,2020_Mar_05_0853,three_arm_bandit_rating_kb_block,2020.1.1,59.77373064401919,
,,,,,,,,,,,,,,,,,,,,,,,,,,,,,,,,,,2,1,stimuli/s2.png,stimuli/s1.png,13,12,2,choice,1,0,0,0,0,0,0,1,1,stimuli/s3.png,,,,,,,,,,,,,,,,,,,,,,,,,,,,,,,,,,,,,,,,,,,0,2,2,2,0,0,0,2,,,,,,,,,,,,,,,,,,,,,,,,,,,,,,,,,,,,,,,,,,,,,,,,,,,,,,,,,,,,,,,,,,,,,,,,,,,,,,,,,,,,,,,,,,,,,None,None,None,None,None,None,None,None,None,None,117.21418017195538,None,117.21418017195538,None,117.21418017195538,None,right,0,0.3449572171084583,117.21418017195538,None,117.21418017195538,117.21418017195538,117.21418017195538,117.21418017195538,117.21418017195538,None,1,117.58041715691797,None,118.58072705194354,None,None,None,5,96.41,None,None,nan,None,None,,,,,,,,,,,,,,,,,,,,,999,20,F,2020_Mar_05_0853,three_arm_bandit_rating_kb_block,2020.1.1,59.77373064401919,
,,,,,,,,,,,,,,,,,,,,,,,,,,,,,,,,,,2,1,stimuli/s2.png,stimuli/s1.png,13,12,2,choice,1,0,0,0,0,0,0,1,1,stimuli/s1.png,,,,,,,,,,,,,,,,,,,,,,,,,,,,,,,,,,,,,,,,,,,0,2,2,2,0,1,1,0,,,,,,,,,,,,,,,,,,,,,,,,,,,,,,,,,,,,,,,,,,,,,,,,,,,,,,,,,,,,,,,,,,,,,,,,,,,,,,,,,,,,,,,,,,,,,,,,,,,,,,,,,,,,,,,,,,,,,,,,,,,,,None,None,5,96.42,None,None,nan,None,None,,,,,,,,,,,,,,,,,,,,,999,20,F,2020_Mar_05_0853,three_arm_bandit_rating_kb_block,2020.1.1,59.77373064401919,
,,,,,,,,,,,,,,,,,,,,,,,,,,,,,,,,,,2,1,stimuli/s2.png,stimuli/s1.png,13,12,2,choice,1,0,0,0,0,0,0,1,1,stimuli/s2.png,,,,,,,,,,,,,,,,,,,,,,,,,,,,,,,,,,,,,,,,,,,0,2,2,2,0,2,2,1,,,,,,,,,,,,,,,,,,,,,,,,,,,,,,,,,,,,,,,,,,,,,,,,,,,,,,,,,,,,,,,,,,,,,,,,,,,,,,,,,,,,,,,,,,,,,,,,,,,,,,,,,,,,,,,,,,,,,,,,,,,,,None,None,5,96.431,None,None,nan,None,None,,,,,,,,,,,,,,,,,,,,,999,20,F,2020_Mar_05_0853,three_arm_bandit_rating_kb_block,2020.1.1,59.77373064401919,
,,,,,,,,,,,,,,,,,,,,,,,,,,,,,,,,,,2,1,stimuli/s2.png,stimuli/s1.png,13,12,2,choice,1,0,0,0,0,0,0,1,1,,,,,,,,,,,,,,,,,,,,,,,,,,,,,,,,,,,,,,,,,,,,0,2,2,2,,,,,,,,,,,,,,,,,,,,,,,,,,,,,,,,,,,,,,,,,,,,,,,,,,,,,,,,,,,,,,,,,,,,,,,,,,,,,,,,,,,,,,,,,,,,,,,,,,,,,,,,,,,,,,,,,,,,,,,,,,,,,,,,,,,,,,,,,,,,,,,,,,,,,,,,,,,,,,999,20,F,2020_Mar_05_0853,three_arm_bandit_rating_kb_block,2020.1.1,59.77373064401919,
,,,,,,,,,,,,,,,,,,,,,,,,,,,,,,,,,,1,2,stimuli/s1.png,stimuli/s2.png,16,76,1,forced,0,1,0,0,0,0,0,1,1,stimuli/s2.png,,,,,,,,,,,,,,,,,,,,,,,,,,,,,,,,,,,,,,,,,,,0,3,3,3,0,0,0,1,,,,,,,,,,,,,,,,,,,,,,,,,,,,,,,,,,,,,,,,,,,,,,,,,,,,,,,,,,,,,,,,,,,,,,,,,,,,,,,,,,,,,,,,,,,,,None,None,None,None,None,None,None,None,None,None,119.28061302495189,None,119.28061302495189,None,119.28061302495189,None,left,0,0.7213808000087738,119.28061302495189,None,119.28061302495189,None,119.28061302495189,119.28061302495189,119.28061302495189,None,1,120.03104910999537,None,121.03104122192599,None,None,None,5,98.861,None,None,nan,None,None,,,,,,,,,,,,,,,,,,,,,999,20,F,2020_Mar_05_0853,three_arm_bandit_rating_kb_block,2020.1.1,59.77373064401919,
,,,,,,,,,,,,,,,,,,,,,,,,,,,,,,,,,,1,2,stimuli/s1.png,stimuli/s2.png,16,76,1,forced,0,1,0,0,0,0,0,1,1,stimuli/s1.png,,,,,,,,,,,,,,,,,,,,,,,,,,,,,,,,,,,,,,,,,,,0,3,3,3,0,1,1,0,,,,,,,,,,,,,,,,,,,,,,,,,,,,,,,,,,,,,,,,,,,,,,,,,,,,,,,,,,,,,,,,,,,,,,,,,,,,,,,,,,,,,,,,,,,,,,,,,,,,,,,,,,,,,,,,,,,,,,,,,,,,,None,None,5,98.871,None,None,nan,None,None,,,,,,,,,,,,,,,,,,,,,999,20,F,2020_Mar_05_0853,three_arm_bandit_rating_kb_block,2020.1.1,59.77373064401919,
,,,,,,,,,,,,,,,,,,,,,,,,,,,,,,,,,,1,2,stimuli/s1.png,stimuli/s2.png,16,76,1,forced,0,1,0,0,0,0,0,1,1,stimuli/s3.png,,,,,,,,,,,,,,,,,,,,,,,,,,,,,,,,,,,,,,,,,,,0,3,3,3,0,2,2,2,,,,,,,,,,,,,,,,,,,,,,,,,,,,,,,,,,,,,,,,,,,,,,,,,,,,,,,,,,,,,,,,,,,,,,,,,,,,,,,,,,,,,,,,,,,,,,,,,,,,,,,,,,,,,,,,,,,,,,,,,,,,,None,None,5,98.881,None,None,nan,None,None,,,,,,,,,,,,,,,,,,,,,999,20,F,2020_Mar_05_0853,three_arm_bandit_rating_kb_block,2020.1.1,59.77373064401919,
,,,,,,,,,,,,,,,,,,,,,,,,,,,,,,,,,,1,2,stimuli/s1.png,stimuli/s2.png,16,76,1,forced,0,1,0,0,0,0,0,1,1,,,,,,,,,,,,,,,,,,,,,,,,,,,,,,,,,,,,,,,,,,,,0,3,3,3,,,,,,,,,,,,,,,,,,,,,,,,,,,,,,,,,,,,,,,,,,,,,,,,,,,,,,,,,,,,,,,,,,,,,,,,,,,,,,,,,,,,,,,,,,,,,,,,,,,,,,,,,,,,,,,,,,,,,,,,,,,,,,,,,,,,,,,,,,,,,,,,,,,,,,,,,,,,,,999,20,F,2020_Mar_05_0853,three_arm_bandit_rating_kb_block,2020.1.1,59.77373064401919,
,,,,,,,,,,,,,,,,,,,,,,,,,,,,,,,,,,2,3,stimuli/s2.png,stimuli/s3.png,26,61,1,forced,0,0,1,0,0,0,0,1,1,stimuli/s3.png,,,,,,,,,,,,,,,,,,,,,,,,,,,,,,,,,,,,,,,,,,,0,4,4,4,0,0,0,2,,,,,,,,,,,,,,,,,,,,,,,,,,,,,,,,,,,,,,,,,,,,,,,,,,,,,,,,,,,,,,,,,,,,,,,,,,,,,,,,,,,,,,,,,,,,,None,None,None,None,None,None,None,None,None,None,121.73061075690202,None,121.73061075690202,None,121.73061075690202,None,right,0,0.6510885918978602,121.73061075690202,None,121.73061075690202,121.73061075690202,121.73061075690202,None,121.73061075690202,None,3,122.41302560386248,None,123.41433277190663,None,None,None,5,101.241,None,None,nan,None,None,,,,,,,,,,,,,,,,,,,,,999,20,F,2020_Mar_05_0853,three_arm_bandit_rating_kb_block,2020.1.1,59.77373064401919,
,,,,,,,,,,,,,,,,,,,,,,,,,,,,,,,,,,2,3,stimuli/s2.png,stimuli/s3.png,26,61,1,forced,0,0,1,0,0,0,0,1,1,stimuli/s1.png,,,,,,,,,,,,,,,,,,,,,,,,,,,,,,,,,,,,,,,,,,,0,4,4,4,0,1,1,0,,,,,,,,,,,,,,,,,,,,,,,,,,,,,,,,,,,,,,,,,,,,,,,,,,,,,,,,,,,,,,,,,,,,,,,,,,,,,,,,,,,,,,,,,,,,,,,,,,,,,,,,,,,,,,,,,,,,,,,,,,,,,None,None,5,101.25,None,None,nan,None,None,,,,,,,,,,,,,,,,,,,,,999,20,F,2020_Mar_05_0853,three_arm_bandit_rating_kb_block,2020.1.1,59.77373064401919,
,,,,,,,,,,,,,,,,,,,,,,,,,,,,,,,,,,2,3,stimuli/s2.png,stimuli/s3.png,26,61,1,forced,0,0,1,0,0,0,0,1,1,stimuli/s2.png,,,,,,,,,,,,,,,,,,,,,,,,,,,,,,,,,,,,,,,,,,,0,4,4,4,0,2,2,1,,,,,,,,,,,,,,,,,,,,,,,,,,,,,,,,,,,,,,,,,,,,,,,,,,,,,,,,,,,,,,,,,,,,,,,,,,,,,,,,,,,,,,,,,,,,,,,,,,,,,,,,,,,,,,,,,,,,,,,,,,,,,None,None,5,101.26,None,None,nan,None,None,,,,,,,,,,,,,,,,,,,,,999,20,F,2020_Mar_05_0853,three_arm_bandit_rating_kb_block,2020.1.1,59.77373064401919,
,,,,,,,,,,,,,,,,,,,,,,,,,,,,,,,,,,2,3,stimuli/s2.png,stimuli/s3.png,26,61,1,forced,0,0,1,0,0,0,0,1,1,,,,,,,,,,,,,,,,,,,,,,,,,,,,,,,,,,,,,,,,,,,,0,4,4,4,,,,,,,,,,,,,,,,,,,,,,,,,,,,,,,,,,,,,,,,,,,,,,,,,,,,,,,,,,,,,,,,,,,,,,,,,,,,,,,,,,,,,,,,,,,,,,,,,,,,,,,,,,,,,,,,,,,,,,,,,,,,,,,,,,,,,,,,,,,,,,,,,,,,,,,,,,,,,,999,20,F,2020_Mar_05_0853,three_arm_bandit_rating_kb_block,2020.1.1,59.77373064401919,
,,,,,,,,,,,,,,,,,,,,,,,,,,,,,,,,,,2,3,stimuli/s2.png,stimuli/s3.png,87,61,1,choice,1,0,0,0,0,0,0,1,1,stimuli/s2.png,,,,,,,,,,,,,,,,,,,,,,,,,,,,,,,,,,,,,,,,,,,0,5,5,5,0,0,0,1,,,,,,,,,,,,,,,,,,,,,,,,,,,,,,,,,,,,,,,,,,,,,,,,,,,,,,,,,,,,,,,,,,,,,,,,,,,,,,,,,,,,,,,,,,,,,None,None,None,None,None,None,None,None,None,None,124.11448983685113,None,124.11448983685113,None,124.11448983685113,None,left,0,0.4832266550511122,124.11448983685113,None,124.11448983685113,124.11448983685113,124.11448983685113,124.11448983685113,124.11448983685113,None,2,124.6144193818327,None,125.61448706686497,None,None,None,5,103.444,None,None,nan,None,None,,,,,,,,,,,,,,,,,,,,,999,20,F,2020_Mar_05_0853,three_arm_bandit_rating_kb_block,2020.1.1,59.77373064401919,
,,,,,,,,,,,,,,,,,,,,,,,,,,,,,,,,,,2,3,stimuli/s2.png,stimuli/s3.png,87,61,1,choice,1,0,0,0,0,0,0,1,1,stimuli/s3.png,,,,,,,,,,,,,,,,,,,,,,,,,,,,,,,,,,,,,,,,,,,0,5,5,5,0,1,1,2,,,,,,,,,,,,,,,,,,,,,,,,,,,,,,,,,,,,,,,,,,,,,,,,,,,,,,,,,,,,,,,,,,,,,,,,,,,,,,,,,,,,,,,,,,,,,,,,,,,,,,,,,,,,,,,,,,,,,,,,,,,,,None,None,5,103.452,None,None,nan,None,None,,,,,,,,,,,,,,,,,,,,,999,20,F,2020_Mar_05_0853,three_arm_bandit_rating_kb_block,2020.1.1,59.77373064401919,
,,,,,,,,,,,,,,,,,,,,,,,,,,,,,,,,,,2,3,stimuli/s2.png,stimuli/s3.png,87,61,1,choice,1,0,0,0,0,0,0,1,1,stimuli/s1.png,,,,,,,,,,,,,,,,,,,,,,,,,,,,,,,,,,,,,,,,,,,0,5,5,5,0,2,2,0,,,,,,,,,,,,,,,,,,,,,,,,,,,,,,,,,,,,,,,,,,,,,,,,,,,,,,,,,,,,,,,,,,,,,,,,,,,,,,,,,,,,,,,,,,,,,,,,,,,,,,,,,,,,,,,,,,,,,,,,,,,,,None,None,5,103.461,None,None,nan,None,None,,,,,,,,,,,,,,,,,,,,,999,20,F,2020_Mar_05_0853,three_arm_bandit_rating_kb_block,2020.1.1,59.77373064401919,
,,,,,,,,,,,,,,,,,,,,,,,,,,,,,,,,,,2,3,stimuli/s2.png,stimuli/s3.png,87,61,1,choice,1,0,0,0,0,0,0,1,1,,,,,,,,,,,,,,,,,,,,,,,,,,,,,,,,,,,,,,,,,,,,0,5,5,5,,,,,,,,,,,,,,,,,,,,,,,,,,,,,,,,,,,,,,,,,,,,,,,,,,,,,,,,,,,,,,,,,,,,,,,,,,,,,,,,,,,,,,,,,,,,,,,,,,,,,,,,,,,,,,,,,,,,,,,,,,,,,,,,,,,,,,,,,,,,,,,,,,,,,,,,,,,,,,999,20,F,2020_Mar_05_0853,three_arm_bandit_rating_kb_block,2020.1.1,59.77373064401919,
,,,,,,,,,,,,,,,,,,,,,,,,,,,,,,,,,,3,1,stimuli/s3.png,stimuli/s1.png,85,54,1,forced,0,1,0,1,1,0,0,1,1,stimuli/s1.png,,,,,,,,,,,,,,,,,,,,,,,,,,,,,,,,,,,,,,,,,,,0,6,6,6,0,0,0,0,,,,,,,,,,,,,,,,,,,,,,,,,,,,,,,,,,,,,,,,,,,,,,,,,,,,,,,,,,,,,,,,,,,,,,,,,,,,,,,,,,,,,,,,,,,,,None,None,None,None,None,None,None,None,None,None,126.33092128182761,None,126.33092128182761,None,126.33092128182761,None,left,0,0.8116654579062015,126.33092128182761,None,126.33092128182761,None,126.33092128182761,126.33092128182761,126.33092128182761,None,3,127.164046744816,None,128.16412207181565,None,128.6815037499182,None,5,1.054,0.015109766041859984,None,50,None,None,,,,,,,,,,,,,,,,,,,,,999,20,F,2020_Mar_05_0853,three_arm_bandit_rating_kb_block,2020.1.1,59.77373064401919,
,,,,,,,,,,,,,,,,,,,,,,,,,,,,,,,,,,3,1,stimuli/s3.png,stimuli/s1.png,85,54,1,forced,0,1,0,1,1,0,0,1,1,stimuli/s3.png,,,,,,,,,,,,,,,,,,,,,,,,,,,,,,,,,,,,,,,,,,,0,6,6,6,0,1,1,2,,,,,,,,,,,,,,,,,,,,,,,,,,,,,,,,,,,,,,,,,,,,,,,,,,,,,,,,,,,,,,,,,,,,,,,,,,,,,,,,,,,,,,,,,,,,,,,,,,,,,,,,,,,,,,,,,,,,,,,,,,,,,129.7638345649466,None,5,0.342,0.001503111096099019,None,50,None,None,,,,,,,,,,,,,,,,,,,,,999,20,F,2020_Mar_05_0853,three_arm_bandit_rating_kb_block,2020.1.1,59.77373064401919,
,,,,,,,,,,,,,,,,,,,,,,,,,,,,,,,,,,3,1,stimuli/s3.png,stimuli/s1.png,85,54,1,forced,0,1,0,1,1,0,0,1,1,stimuli/s2.png,,,,,,,,,,,,,,,,,,,,,,,,,,,,,,,,,,,,,,,,,,,0,6,6,6,0,2,2,1,,,,,,,,,,,,,,,,,,,,,,,,,,,,,,,,,,,,,,,,,,,,,,,,,,,,,,,,,,,,,,,,,,,,,,,,,,,,,,,,,,,,,,,,,,,,,,,,,,,,,,,,,,,,,,,,,,,,,,,,,,,,,130.13055276498199,None,5,0.31,0.0035214307717978954,None,50,None,None,,,,,,,,,,,,,,,,,,,,,999,20,F,2020_Mar_05_0853,three_arm_bandit_rating_kb_block,2020.1.1,59.77373064401919,
,,,,,,,,,,,,,,,,,,,,,,,,,,,,,,,,,,3,1,stimuli/s3.png,stimuli/s1.png,85,54,1,forced,0,1,0,1,1,0,0,1,1,,,,,,,,,,,,,,,,,,,,,,,,,,,,,,,,,,,,,,,,,,,,0,6,6,6,,,,,,,,,,,,,,,,,,,,,,,,,,,,,,,,,,,,,,,,,,,,,,,,,,,,,,,,,,,,,,,,,,,,,,,,,,,,,,,,,,,,,,,,,,,,,,,,,,,,,,,,,,,,,,,,,,,,,,,,,,,,,,,,,,,,,,,,,,,,,,,,,,,,,,,,,,,,,,999,20,F,2020_Mar_05_0853,three_arm_bandit_rating_kb_block,2020.1.1,59.77373064401919,
,,,,,,,,,,,,,,,,,,,,,,,,,,,,,,,,,,1,2,stimuli/s1.png,stimuli/s2.png,16,75,2,forced,0,0,1,0,0,0,0,1,1,stimuli/s1.png,,,,,,,,,,,,,,,,,,,,,,,,,,,,,,,,,,,,,,,,,,,0,7,7,7,0,0,0,0,,,,,,,,,,,,,,,,,,,,,,,,,,,,,,,,,,,,,,,,,,,,,,,,,,,,,,,,,,,,,,,,,,,,,,,,,,,,,,,,,,,,,,,,,,,,,None,None,None,None,None,None,None,None,None,None,130.63090302981436,None,130.63090302981436,None,130.63090302981436,None,right,0,1.2374043581075966,130.63090302981436,None,130.63090302981436,130.63090302981436,130.63090302981436,None,130.63090302981436,None,2,131.89772201981395,None,132.8970635868609,None,None,None,5,3.29,None,None,nan,None,None,,,,,,,,,,,,,,,,,,,,,999,20,F,2020_Mar_05_0853,three_arm_bandit_rating_kb_block,2020.1.1,59.77373064401919,
,,,,,,,,,,,,,,,,,,,,,,,,,,,,,,,,,,1,2,stimuli/s1.png,stimuli/s2.png,16,75,2,forced,0,0,1,0,0,0,0,1,1,stimuli/s3.png,,,,,,,,,,,,,,,,,,,,,,,,,,,,,,,,,,,,,,,,,,,0,7,7,7,0,1,1,2,,,,,,,,,,,,,,,,,,,,,,,,,,,,,,,,,,,,,,,,,,,,,,,,,,,,,,,,,,,,,,,,,,,,,,,,,,,,,,,,,,,,,,,,,,,,,,,,,,,,,,,,,,,,,,,,,,,,,,,,,,,,,None,None,5,3.3,None,None,nan,None,None,,,,,,,,,,,,,,,,,,,,,999,20,F,2020_Mar_05_0853,three_arm_bandit_rating_kb_block,2020.1.1,59.77373064401919,
,,,,,,,,,,,,,,,,,,,,,,,,,,,,,,,,,,1,2,stimuli/s1.png,stimuli/s2.png,16,75,2,forced,0,0,1,0,0,0,0,1,1,stimuli/s2.png,,,,,,,,,,,,,,,,,,,,,,,,,,,,,,,,,,,,,,,,,,,0,7,7,7,0,2,2,1,,,,,,,,,,,,,,,,,,,,,,,,,,,,,,,,,,,,,,,,,,,,,,,,,,,,,,,,,,,,,,,,,,,,,,,,,,,,,,,,,,,,,,,,,,,,,,,,,,,,,,,,,,,,,,,,,,,,,,,,,,,,,None,None,5,3.313,None,None,nan,None,None,,,,,,,,,,,,,,,,,,,,,999,20,F,2020_Mar_05_0853,three_arm_bandit_rating_kb_block,2020.1.1,59.77373064401919,
,,,,,,,,,,,,,,,,,,,,,,,,,,,,,,,,,,1,2,stimuli/s1.png,stimuli/s2.png,16,75,2,forced,0,0,1,0,0,0,0,1,1,,,,,,,,,,,,,,,,,,,,,,,,,,,,,,,,,,,,,,,,,,,,0,7,7,7,,,,,,,,,,,,,,,,,,,,,,,,,,,,,,,,,,,,,,,,,,,,,,,,,,,,,,,,,,,,,,,,,,,,,,,,,,,,,,,,,,,,,,,,,,,,,,,,,,,,,,,,,,,,,,,,,,,,,,,,,,,,,,,,,,,,,,,,,,,,,,,,,,,,,,,,,,,,,,999,20,F,2020_Mar_05_0853,three_arm_bandit_rating_kb_block,2020.1.1,59.77373064401919,
,,,,,,,,,,,,,,,,,,,,,,,,,,,,,,,,,,1,3,stimuli/s1.png,stimuli/s3.png,21,47,1,choice,1,0,0,0,0,1,0,1,2,stimuli/s2.png,,,,,,,,,,,,,,,,,,,,,,,,,,,,,,,,,,,,,,,,,,,0,8,8,8,0,0,0,1,,,,,,,,,,,,,,,,,,,,,,,,,,,,,,,,,,,,,,,,,,,,,,,,,,,,,,,,,,,,,,,,,,,,,,,,,,,,,,,,,,,,,,,,,,,,,133.59766791993752,None,right,133.59766791993752,None,None,None,None,None,None,136.61380602698773,None,136.61380602698773,None,136.61380602698773,None,left,0,0.6869538130704314,136.61380602698773,None,136.61380602698773,136.61380602698773,136.61380602698773,136.61380602698773,136.61380602698773,None,1,137.3308657319285,None,138.33092555683106,None,None,None,5,8.722,None,None,nan,None,None,2.9799235549289733,,,,,,,,,,,,,,,,,,,,999,20,F,2020_Mar_05_0853,three_arm_bandit_rating_kb_block,2020.1.1,59.77373064401919,
,,,,,,,,,,,,,,,,,,,,,,,,,,,,,,,,,,1,3,stimuli/s1.png,stimuli/s3.png,21,47,1,choice,1,0,0,0,0,1,0,1,2,stimuli/s3.png,,,,,,,,,,,,,,,,,,,,,,,,,,,,,,,,,,,,,,,,,,,0,8,8,8,0,1,1,2,,,,,,,,,,,,,,,,,,,,,,,,,,,,,,,,,,,,,,,,,,,,,,,,,,,,,,,,,,,,,,,,,,,,,,,,,,,,,,,,,,,,,,,,,,,,,,,,,,,,,,,,,,,,,,,,,,,,,,,,,,,,,None,None,5,8.731,None,None,nan,None,None,,,,,,,,,,,,,,,,,,,,,999,20,F,2020_Mar_05_0853,three_arm_bandit_rating_kb_block,2020.1.1,59.77373064401919,
,,,,,,,,,,,,,,,,,,,,,,,,,,,,,,,,,,1,3,stimuli/s1.png,stimuli/s3.png,21,47,1,choice,1,0,0,0,0,1,0,1,2,stimuli/s1.png,,,,,,,,,,,,,,,,,,,,,,,,,,,,,,,,,,,,,,,,,,,0,8,8,8,0,2,2,0,,,,,,,,,,,,,,,,,,,,,,,,,,,,,,,,,,,,,,,,,,,,,,,,,,,,,,,,,,,,,,,,,,,,,,,,,,,,,,,,,,,,,,,,,,,,,,,,,,,,,,,,,,,,,,,,,,,,,,,,,,,,,None,None,5,8.74,None,None,nan,None,None,,,,,,,,,,,,,,,,,,,,,999,20,F,2020_Mar_05_0853,three_arm_bandit_rating_kb_block,2020.1.1,59.77373064401919,
,,,,,,,,,,,,,,,,,,,,,,,,,,,,,,,,,,1,3,stimuli/s1.png,stimuli/s3.png,21,47,1,choice,1,0,0,0,0,1,0,1,2,,,,,,,,,,,,,,,,,,,,,,,,,,,,,,,,,,,,,,,,,,,,0,8,8,8,,,,,,,,,,,,,,,,,,,,,,,,,,,,,,,,,,,,,,,,,,,,,,,,,,,,,,,,,,,,,,,,,,,,,,,,,,,,,,,,,,,,,,,,,,,,,,,,,,,,,,,,,,,,,,,,,,,,,,,,,,,,,,,,,,,,,,,,,,,,,,,,,,,,,,,,,,,,,,999,20,F,2020_Mar_05_0853,three_arm_bandit_rating_kb_block,2020.1.1,59.77373064401919,
,,,,,,,,,,,,,,,,,,,,,,,,,,,,,,,,,,1,2,stimuli/s1.png,stimuli/s2.png,16,79,1,choice,1,0,0,0,0,0,0,1,2,stimuli/s3.png,,,,,,,,,,,,,,,,,,,,,,,,,,,,,,,,,,,,,,,,,,,0,9,9,9,0,0,0,2,,,,,,,,,,,,,,,,,,,,,,,,,,,,,,,,,,,,,,,,,,,,,,,,,,,,,,,,,,,,,,,,,,,,,,,,,,,,,,,,,,,,,,,,,,,,,None,None,None,None,None,None,None,None,None,None,139.04794551688246,None,139.04794551688246,None,139.04794551688246,None,right,0,0.33565442985855043,139.04794551688246,None,139.04794551688246,139.04794551688246,139.04794551688246,139.04794551688246,139.04794551688246,None,2,139.41397576988675,None,140.41447102697566,None,None,None,5,10.806,None,None,nan,None,None,,,,,,,,,,,,,,,,,,,,,999,20,F,2020_Mar_05_0853,three_arm_bandit_rating_kb_block,2020.1.1,59.77373064401919,
,,,,,,,,,,,,,,,,,,,,,,,,,,,,,,,,,,1,2,stimuli/s1.png,stimuli/s2.png,16,79,1,choice,1,0,0,0,0,0,0,1,2,stimuli/s2.png,,,,,,,,,,,,,,,,,,,,,,,,,,,,,,,,,,,,,,,,,,,0,9,9,9,0,1,1,1,,,,,,,,,,,,,,,,,,,,,,,,,,,,,,,,,,,,,,,,,,,,,,,,,,,,,,,,,,,,,,,,,,,,,,,,,,,,,,,,,,,,,,,,,,,,,,,,,,,,,,,,,,,,,,,,,,,,,,,,,,,,,None,None,5,10.818,None,None,nan,None,None,,,,,,,,,,,,,,,,,,,,,999,20,F,2020_Mar_05_0853,three_arm_bandit_rating_kb_block,2020.1.1,59.77373064401919,
,,,,,,,,,,,,,,,,,,,,,,,,,,,,,,,,,,1,2,stimuli/s1.png,stimuli/s2.png,16,79,1,choice,1,0,0,0,0,0,0,1,2,stimuli/s1.png,,,,,,,,,,,,,,,,,,,,,,,,,,,,,,,,,,,,,,,,,,,0,9,9,9,0,2,2,0,,,,,,,,,,,,,,,,,,,,,,,,,,,,,,,,,,,,,,,,,,,,,,,,,,,,,,,,,,,,,,,,,,,,,,,,,,,,,,,,,,,,,,,,,,,,,,,,,,,,,,,,,,,,,,,,,,,,,,,,,,,,,None,None,5,10.829,None,None,nan,None,None,,,,,,,,,,,,,,,,,,,,,999,20,F,2020_Mar_05_0853,three_arm_bandit_rating_kb_block,2020.1.1,59.77373064401919,
,,,,,,,,,,,,,,,,,,,,,,,,,,,,,,,,,,1,2,stimuli/s1.png,stimuli/s2.png,16,79,1,choice,1,0,0,0,0,0,0,1,2,,,,,,,,,,,,,,,,,,,,,,,,,,,,,,,,,,,,,,,,,,,,0,9,9,9,,,,,,,,,,,,,,,,,,,,,,,,,,,,,,,,,,,,,,,,,,,,,,,,,,,,,,,,,,,,,,,,,,,,,,,,,,,,,,,,,,,,,,,,,,,,,,,,,,,,,,,,,,,,,,,,,,,,,,,,,,,,,,,,,,,,,,,,,,,,,,,,,,,,,,,,,,,,,,999,20,F,2020_Mar_05_0853,three_arm_bandit_rating_kb_block,2020.1.1,59.77373064401919,
,,,,,,,,,,,,,,,,,,,,,,,,,,,,,,,,,,2,1,stimuli/s2.png,stimuli/s1.png,13,12,2,choice,1,0,0,0,0,0,0,1,2,stimuli/s2.png,,,,,,,,,,,,,,,,,,,,,,,,,,,,,,,,,,,,,,,,,,,0,10,10,10,0,0,0,1,,,,,,,,,,,,,,,,,,,,,,,,,,,,,,,,,,,,,,,,,,,,,,,,,,,,,,,,,,,,,,,,,,,,,,,,,,,,,,,,,,,,,,,,,,,,,None,None,None,None,None,None,None,None,None,None,141.1473986369092,None,141.1473986369092,None,141.1473986369092,None,left,0,0.8979668549727648,141.1473986369092,None,141.1473986369092,141.1473986369092,141.1473986369092,141.1473986369092,141.1473986369092,None,2,142.06471321196295,None,143.06436808989383,None,None,None,5,13.475,None,None,nan,None,None,,,,,,,,,,,,,,,,,,,,,999,20,F,2020_Mar_05_0853,three_arm_bandit_rating_kb_block,2020.1.1,59.77373064401919,
,,,,,,,,,,,,,,,,,,,,,,,,,,,,,,,,,,2,1,stimuli/s2.png,stimuli/s1.png,13,12,2,choice,1,0,0,0,0,0,0,1,2,stimuli/s3.png,,,,,,,,,,,,,,,,,,,,,,,,,,,,,,,,,,,,,,,,,,,0,10,10,10,0,1,1,2,,,,,,,,,,,,,,,,,,,,,,,,,,,,,,,,,,,,,,,,,,,,,,,,,,,,,,,,,,,,,,,,,,,,,,,,,,,,,,,,,,,,,,,,,,,,,,,,,,,,,,,,,,,,,,,,,,,,,,,,,,,,,None,None,5,13.485,None,None,nan,None,None,,,,,,,,,,,,,,,,,,,,,999,20,F,2020_Mar_05_0853,three_arm_bandit_rating_kb_block,2020.1.1,59.77373064401919,
,,,,,,,,,,,,,,,,,,,,,,,,,,,,,,,,,,2,1,stimuli/s2.png,stimuli/s1.png,13,12,2,choice,1,0,0,0,0,0,0,1,2,stimuli/s1.png,,,,,,,,,,,,,,,,,,,,,,,,,,,,,,,,,,,,,,,,,,,0,10,10,10,0,2,2,0,,,,,,,,,,,,,,,,,,,,,,,,,,,,,,,,,,,,,,,,,,,,,,,,,,,,,,,,,,,,,,,,,,,,,,,,,,,,,,,,,,,,,,,,,,,,,,,,,,,,,,,,,,,,,,,,,,,,,,,,,,,,,None,None,5,13.495,None,None,nan,None,None,,,,,,,,,,,,,,,,,,,,,999,20,F,2020_Mar_05_0853,three_arm_bandit_rating_kb_block,2020.1.1,59.77373064401919,
,,,,,,,,,,,,,,,,,,,,,,,,,,,,,,,,,,2,1,stimuli/s2.png,stimuli/s1.png,13,12,2,choice,1,0,0,0,0,0,0,1,2,,,,,,,,,,,,,,,,,,,,,,,,,,,,,,,,,,,,,,,,,,,,0,10,10,10,,,,,,,,,,,,,,,,,,,,,,,,,,,,,,,,,,,,,,,,,,,,,,,,,,,,,,,,,,,,,,,,,,,,,,,,,,,,,,,,,,,,,,,,,,,,,,,,,,,,,,,,,,,,,,,,,,,,,,,,,,,,,,,,,,,,,,,,,,,,,,,,,,,,,,,,,,,,,,999,20,F,2020_Mar_05_0853,three_arm_bandit_rating_kb_block,2020.1.1,59.77373064401919,
,,,,,,,,,,,,,,,,,,,,,,,,,,,,,,,,,,2,1,stimuli/s2.png,stimuli/s1.png,71,21,1,forced,0,1,0,0,0,0,0,1,2,stimuli/s3.png,,,,,,,,,,,,,,,,,,,,,,,,,,,,,,,,,,,,,,,,,,,0,11,11,11,0,0,0,2,,,,,,,,,,,,,,,,,,,,,,,,,,,,,,,,,,,,,,,,,,,,,,,,,,,,,,,,,,,,,,,,,,,,,,,,,,,,,,,,,,,,,,,,,,,,,None,None,None,None,None,None,None,None,None,None,143.81752989487723,None,143.81752989487723,None,143.81752989487723,None,left,0,1.0196897820569575,143.81752989487723,None,143.81752989487723,None,143.81752989487723,143.81752989487723,143.81752989487723,None,2,144.86411286192015,None,145.8644046448171,None,None,None,5,16.256,None,None,nan,None,None,,,,,,,,,,,,,,,,,,,,,999,20,F,2020_Mar_05_0853,three_arm_bandit_rating_kb_block,2020.1.1,59.77373064401919,
,,,,,,,,,,,,,,,,,,,,,,,,,,,,,,,,,,2,1,stimuli/s2.png,stimuli/s1.png,71,21,1,forced,0,1,0,0,0,0,0,1,2,stimuli/s1.png,,,,,,,,,,,,,,,,,,,,,,,,,,,,,,,,,,,,,,,,,,,0,11,11,11,0,1,1,0,,,,,,,,,,,,,,,,,,,,,,,,,,,,,,,,,,,,,,,,,,,,,,,,,,,,,,,,,,,,,,,,,,,,,,,,,,,,,,,,,,,,,,,,,,,,,,,,,,,,,,,,,,,,,,,,,,,,,,,,,,,,,None,None,5,16.266,None,None,nan,None,None,,,,,,,,,,,,,,,,,,,,,999,20,F,2020_Mar_05_0853,three_arm_bandit_rating_kb_block,2020.1.1,59.77373064401919,
,,,,,,,,,,,,,,,,,,,,,,,,,,,,,,,,,,2,1,stimuli/s2.png,stimuli/s1.png,71,21,1,forced,0,1,0,0,0,0,0,1,2,stimuli/s2.png,,,,,,,,,,,,,,,,,,,,,,,,,,,,,,,,,,,,,,,,,,,0,11,11,11,0,2,2,1,,,,,,,,,,,,,,,,,,,,,,,,,,,,,,,,,,,,,,,,,,,,,,,,,,,,,,,,,,,,,,,,,,,,,,,,,,,,,,,,,,,,,,,,,,,,,,,,,,,,,,,,,,,,,,,,,,,,,,,,,,,,,None,None,5,16.276,None,None,nan,None,None,,,,,,,,,,,,,,,,,,,,,999,20,F,2020_Mar_05_0853,three_arm_bandit_rating_kb_block,2020.1.1,59.77373064401919,
,,,,,,,,,,,,,,,,,,,,,,,,,,,,,,,,,,2,1,stimuli/s2.png,stimuli/s1.png,71,21,1,forced,0,1,0,0,0,0,0,1,2,,,,,,,,,,,,,,,,,,,,,,,,,,,,,,,,,,,,,,,,,,,,0,11,11,11,,,,,,,,,,,,,,,,,,,,,,,,,,,,,,,,,,,,,,,,,,,,,,,,,,,,,,,,,,,,,,,,,,,,,,,,,,,,,,,,,,,,,,,,,,,,,,,,,,,,,,,,,,,,,,,,,,,,,,,,,,,,,,,,,,,,,,,,,,,,,,,,,,,,,,,,,,,,,,999,20,F,2020_Mar_05_0853,three_arm_bandit_rating_kb_block,2020.1.1,59.77373064401919,
,,,,,,,,,,,,,,,,,,,,,,,,,,,,,,,,,,1,2,stimuli/s1.png,stimuli/s2.png,26,72,1,forced,0,0,1,0,0,0,0,1,2,stimuli/s2.png,,,,,,,,,,,,,,,,,,,,,,,,,,,,,,,,,,,,,,,,,,,0,12,12,12,0,0,0,1,,,,,,,,,,,,,,,,,,,,,,,,,,,,,,,,,,,,,,,,,,,,,,,,,,,,,,,,,,,,,,,,,,,,,,,,,,,,,,,,,,,,,,,,,,,,,None,None,None,None,None,None,None,None,None,None,146.59762890683487,None,146.59762890683487,None,146.59762890683487,None,right,0,0.4584557469934225,146.59762890683487,None,146.59762890683487,146.59762890683487,146.59762890683487,None,146.59762890683487,None,2,147.0804576119408,None,148.08088378491811,None,None,None,5,18.472,None,None,nan,None,None,,,,,,,,,,,,,,,,,,,,,999,20,F,2020_Mar_05_0853,three_arm_bandit_rating_kb_block,2020.1.1,59.77373064401919,
,,,,,,,,,,,,,,,,,,,,,,,,,,,,,,,,,,1,2,stimuli/s1.png,stimuli/s2.png,26,72,1,forced,0,0,1,0,0,0,0,1,2,stimuli/s3.png,,,,,,,,,,,,,,,,,,,,,,,,,,,,,,,,,,,,,,,,,,,0,12,12,12,0,1,1,2,,,,,,,,,,,,,,,,,,,,,,,,,,,,,,,,,,,,,,,,,,,,,,,,,,,,,,,,,,,,,,,,,,,,,,,,,,,,,,,,,,,,,,,,,,,,,,,,,,,,,,,,,,,,,,,,,,,,,,,,,,,,,None,None,5,18.481,None,None,nan,None,None,,,,,,,,,,,,,,,,,,,,,999,20,F,2020_Mar_05_0853,three_arm_bandit_rating_kb_block,2020.1.1,59.77373064401919,
,,,,,,,,,,,,,,,,,,,,,,,,,,,,,,,,,,1,2,stimuli/s1.png,stimuli/s2.png,26,72,1,forced,0,0,1,0,0,0,0,1,2,stimuli/s1.png,,,,,,,,,,,,,,,,,,,,,,,,,,,,,,,,,,,,,,,,,,,0,12,12,12,0,2,2,0,,,,,,,,,,,,,,,,,,,,,,,,,,,,,,,,,,,,,,,,,,,,,,,,,,,,,,,,,,,,,,,,,,,,,,,,,,,,,,,,,,,,,,,,,,,,,,,,,,,,,,,,,,,,,,,,,,,,,,,,,,,,,None,None,5,18.491,None,None,nan,None,None,,,,,,,,,,,,,,,,,,,,,999,20,F,2020_Mar_05_0853,three_arm_bandit_rating_kb_block,2020.1.1,59.77373064401919,
,,,,,,,,,,,,,,,,,,,,,,,,,,,,,,,,,,1,2,stimuli/s1.png,stimuli/s2.png,26,72,1,forced,0,0,1,0,0,0,0,1,2,,,,,,,,,,,,,,,,,,,,,,,,,,,,,,,,,,,,,,,,,,,,0,12,12,12,,,,,,,,,,,,,,,,,,,,,,,,,,,,,,,,,,,,,,,,,,,,,,,,,,,,,,,,,,,,,,,,,,,,,,,,,,,,,,,,,,,,,,,,,,,,,,,,,,,,,,,,,,,,,,,,,,,,,,,,,,,,,,,,,,,,,,,,,,,,,,,,,,,,,,,,,,,,,,999,20,F,2020_Mar_05_0853,three_arm_bandit_rating_kb_block,2020.1.1,59.77373064401919,
,,,,,,,,,,,,,,,,,,,,,,,,,,,,,,,,,,2,3,stimuli/s2.png,stimuli/s3.png,87,61,1,choice,1,0,0,0,0,0,0,1,2,stimuli/s3.png,,,,,,,,,,,,,,,,,,,,,,,,,,,,,,,,,,,,,,,,,,,0,13,13,13,0,0,0,2,,,,,,,,,,,,,,,,,,,,,,,,,,,,,,,,,,,,,,,,,,,,,,,,,,,,,,,,,,,,,,,,,,,,,,,,,,,,,,,,,,,,,,,,,,,,,None,None,None,None,None,None,None,None,None,None,148.81456116191112,None,148.81456116191112,None,148.81456116191112,None,left,0,0.5325665648560971,148.81456116191112,None,148.81456116191112,148.81456116191112,148.81456116191112,148.81456116191112,148.81456116191112,None,2,149.3644260498695,None,150.3643846497871,None,None,None,5,20.757,None,None,nan,None,None,,,,,,,,,,,,,,,,,,,,,999,20,F,2020_Mar_05_0853,three_arm_bandit_rating_kb_block,2020.1.1,59.77373064401919,
,,,,,,,,,,,,,,,,,,,,,,,,,,,,,,,,,,2,3,stimuli/s2.png,stimuli/s3.png,87,61,1,choice,1,0,0,0,0,0,0,1,2,stimuli/s1.png,,,,,,,,,,,,,,,,,,,,,,,,,,,,,,,,,,,,,,,,,,,0,13,13,13,0,1,1,0,,,,,,,,,,,,,,,,,,,,,,,,,,,,,,,,,,,,,,,,,,,,,,,,,,,,,,,,,,,,,,,,,,,,,,,,,,,,,,,,,,,,,,,,,,,,,,,,,,,,,,,,,,,,,,,,,,,,,,,,,,,,,None,None,5,20.766,None,None,nan,None,None,,,,,,,,,,,,,,,,,,,,,999,20,F,2020_Mar_05_0853,three_arm_bandit_rating_kb_block,2020.1.1,59.77373064401919,
,,,,,,,,,,,,,,,,,,,,,,,,,,,,,,,,,,2,3,stimuli/s2.png,stimuli/s3.png,87,61,1,choice,1,0,0,0,0,0,0,1,2,stimuli/s2.png,,,,,,,,,,,,,,,,,,,,,,,,,,,,,,,,,,,,,,,,,,,0,13,13,13,0,2,2,1,,,,,,,,,,,,,,,,,,,,,,,,,,,,,,,,,,,,,,,,,,,,,,,,,,,,,,,,,,,,,,,,,,,,,,,,,,,,,,,,,,,,,,,,,,,,,,,,,,,,,,,,,,,,,,,,,,,,,,,,,,,,,None,None,5,20.776,None,None,nan,None,None,,,,,,,,,,,,,,,,,,,,,999,20,F,2020_Mar_05_0853,three_arm_bandit_rating_kb_block,2020.1.1,59.77373064401919,
,,,,,,,,,,,,,,,,,,,,,,,,,,,,,,,,,,2,3,stimuli/s2.png,stimuli/s3.png,87,61,1,choice,1,0,0,0,0,0,0,1,2,,,,,,,,,,,,,,,,,,,,,,,,,,,,,,,,,,,,,,,,,,,,0,13,13,13,,,,,,,,,,,,,,,,,,,,,,,,,,,,,,,,,,,,,,,,,,,,,,,,,,,,,,,,,,,,,,,,,,,,,,,,,,,,,,,,,,,,,,,,,,,,,,,,,,,,,,,,,,,,,,,,,,,,,,,,,,,,,,,,,,,,,,,,,,,,,,,,,,,,,,,,,,,,,,999,20,F,2020_Mar_05_0853,three_arm_bandit_rating_kb_block,2020.1.1,59.77373064401919,
,,,,,,,,,,,,,,,,,,,,,,,,,,,,,,,,,,2,3,stimuli/s2.png,stimuli/s3.png,85,54,1,forced,0,1,0,1,1,0,0,1,2,stimuli/s3.png,,,,,,,,,,,,,,,,,,,,,,,,,,,,,,,,,,,,,,,,,,,0,14,14,14,0,0,0,2,,,,,,,,,,,,,,,,,,,,,,,,,,,,,,,,,,,,,,,,,,,,,,,,,,,,,,,,,,,,,,,,,,,,,,,,,,,,,,,,,,,,,,,,,,,,,None,None,None,None,None,None,None,None,None,None,151.18130585178733,None,151.18130585178733,None,151.18130585178733,None,left,0,0.5185550949536264,151.18130585178733,None,151.18130585178733,None,151.18130585178733,151.18130585178733,151.18130585178733,None,2,151.7310906869825,None,152.73121281689964,None,153.24700356693938,None,5,1.086,0.015059418976306915,None,50,None,None,,,,,,,,,,,,,,,,,,,,,999,20,F,2020_Mar_05_0853,three_arm_bandit_rating_kb_block,2020.1.1,59.77373064401919,
,,,,,,,,,,,,,,,,,,,,,,,,,,,,,,,,,,2,3,stimuli/s2.png,stimuli/s3.png,85,54,1,forced,0,1,0,1,1,0,0,1,2,stimuli/s1.png,,,,,,,,,,,,,,,,,,,,,,,,,,,,,,,,,,,,,,,,,,,0,14,14,14,0,1,1,0,,,,,,,,,,,,,,,,,,,,,,,,,,,,,,,,,,,,,,,,,,,,,,,,,,,,,,,,,,,,,,,,,,,,,,,,,,,,,,,,,,,,,,,,,,,,,,,,,,,,,,,,,,,,,,,,,,,,,,,,,,,,,154.36453534988686,None,5,0.292,0.0016066322568804026,None,50,None,None,,,,,,,,,,,,,,,,,,,,,999,20,F,2020_Mar_05_0853,three_arm_bandit_rating_kb_block,2020.1.1,59.77373064401919,
,,,,,,,,,,,,,,,,,,,,,,,,,,,,,,,,,,2,3,stimuli/s2.png,stimuli/s3.png,85,54,1,forced,0,1,0,1,1,0,0,1,2,stimuli/s2.png,,,,,,,,,,,,,,,,,,,,,,,,,,,,,,,,,,,,,,,,,,,0,14,14,14,0,2,2,1,,,,,,,,,,,,,,,,,,,,,,,,,,,,,,,,,,,,,,,,,,,,,,,,,,,,,,,,,,,,,,,,,,,,,,,,,,,,,,,,,,,,,,,,,,,,,,,,,,,,,,,,,,,,,,,,,,,,,,,,,,,,,154.681614771951,None,5,0.328,0.002985636005178094,None,50,None,None,,,,,,,,,,,,,,,,,,,,,999,20,F,2020_Mar_05_0853,three_arm_bandit_rating_kb_block,2020.1.1,59.77373064401919,
,,,,,,,,,,,,,,,,,,,,,,,,,,,,,,,,,,2,3,stimuli/s2.png,stimuli/s3.png,85,54,1,forced,0,1,0,1,1,0,0,1,2,,,,,,,,,,,,,,,,,,,,,,,,,,,,,,,,,,,,,,,,,,,,0,14,14,14,,,,,,,,,,,,,,,,,,,,,,,,,,,,,,,,,,,,,,,,,,,,,,,,,,,,,,,,,,,,,,,,,,,,,,,,,,,,,,,,,,,,,,,,,,,,,,,,,,,,,,,,,,,,,,,,,,,,,,,,,,,,,,,,,,,,,,,,,,,,,,,,,,,,,,,,,,,,,,999,20,F,2020_Mar_05_0853,three_arm_bandit_rating_kb_block,2020.1.1,59.77373064401919,
,,,,,,,,,,,,,,,,,,,,,,,,,,,,,,,,,,1,3,stimuli/s4.png,stimuli/s6.png,21,47,1,choice,1,0,0,0,0,0,1,2,3,stimuli/s1.png,,,,,,,,,,,,,,,,,,,,,,,,,,,,,,,,,,,,,,,,,,,0,15,15,15,0,0,0,0,,,,,,,,,,,,,,,,,,,,,,,,,,,,,,,,,,,,,,,,,,,,,,,,,,,,,,,,,,,,,,,,,,,,,,,,,,,,,,,,,,,,,,,,,,,,,None,None,None,None,None,right,155.2150081899017,None,155.2150081899017,None,156.03069270495325,None,156.03069270495325,None,156.03069270495325,None,right,0,0.6178561300039291,156.03069270495325,None,156.03069270495325,156.03069270495325,156.03069270495325,156.03069270495325,156.03069270495325,None,3,156.6812663169112,None,157.68151821987703,None,None,None,5,3.523,None,None,nan,None,None,,0.7567527249921113,,,,,,,,,,,,,,,,,,,999,20,F,2020_Mar_05_0853,three_arm_bandit_rating_kb_block,2020.1.1,59.77373064401919,
,,,,,,,,,,,,,,,,,,,,,,,,,,,,,,,,,,1,3,stimuli/s4.png,stimuli/s6.png,21,47,1,choice,1,0,0,0,0,0,1,2,3,stimuli/s2.png,,,,,,,,,,,,,,,,,,,,,,,,,,,,,,,,,,,,,,,,,,,0,15,15,15,0,1,1,1,,,,,,,,,,,,,,,,,,,,,,,,,,,,,,,,,,,,,,,,,,,,,,,,,,,,,,,,,,,,,,,,,,,,,,,,,,,,,,,,,,,,,,,,,,,,,,,,,,,,,,,,,,,,,,,,,,,,,,,,,,,,,None,None,5,3.534,None,None,nan,None,None,,,,,,,,,,,,,,,,,,,,,999,20,F,2020_Mar_05_0853,three_arm_bandit_rating_kb_block,2020.1.1,59.77373064401919,
,,,,,,,,,,,,,,,,,,,,,,,,,,,,,,,,,,1,3,stimuli/s4.png,stimuli/s6.png,21,47,1,choice,1,0,0,0,0,0,1,2,3,stimuli/s3.png,,,,,,,,,,,,,,,,,,,,,,,,,,,,,,,,,,,,,,,,,,,0,15,15,15,0,2,2,2,,,,,,,,,,,,,,,,,,,,,,,,,,,,,,,,,,,,,,,,,,,,,,,,,,,,,,,,,,,,,,,,,,,,,,,,,,,,,,,,,,,,,,,,,,,,,,,,,,,,,,,,,,,,,,,,,,,,,,,,,,,,,None,None,5,3.547,None,None,nan,None,None,,,,,,,,,,,,,,,,,,,,,999,20,F,2020_Mar_05_0853,three_arm_bandit_rating_kb_block,2020.1.1,59.77373064401919,
,,,,,,,,,,,,,,,,,,,,,,,,,,,,,,,,,,1,3,stimuli/s4.png,stimuli/s6.png,21,47,1,choice,1,0,0,0,0,0,1,2,3,,,,,,,,,,,,,,,,,,,,,,,,,,,,,,,,,,,,,,,,,,,,0,15,15,15,,,,,,,,,,,,,,,,,,,,,,,,,,,,,,,,,,,,,,,,,,,,,,,,,,,,,,,,,,,,,,,,,,,,,,,,,,,,,,,,,,,,,,,,,,,,,,,,,,,,,,,,,,,,,,,,,,,,,,,,,,,,,,,,,,,,,,,,,,,,,,,,,,,,,,,,,,,,,,999,20,F,2020_Mar_05_0853,three_arm_bandit_rating_kb_block,2020.1.1,59.77373064401919,
,,,,,,,,,,,,,,,,,,,,,,,,,,,,,,,,,,3,2,stimuli/s6.png,stimuli/s5.png,16,79,1,choice,1,0,0,0,0,0,0,2,3,stimuli/s1.png,,,,,,,,,,,,,,,,,,,,,,,,,,,,,,,,,,,,,,,,,,,0,16,16,16,0,0,0,0,,,,,,,,,,,,,,,,,,,,,,,,,,,,,,,,,,,,,,,,,,,,,,,,,,,,,,,,,,,,,,,,,,,,,,,,,,,,,,,,,,,,,,,,,,,,,None,None,None,None,None,None,None,None,None,None,158.43114297185093,None,158.43114297185093,None,158.43114297185093,None,left,0,0.6472847771365196,158.43114297185093,None,158.43114297185093,158.43114297185093,158.43114297185093,158.43114297185093,158.43114297185093,None,3,159.0973446869757,None,160.09803085192107,None,None,None,5,5.941,None,None,nan,None,None,,,,,,,,,,,,,,,,,,,,,999,20,F,2020_Mar_05_0853,three_arm_bandit_rating_kb_block,2020.1.1,59.77373064401919,
,,,,,,,,,,,,,,,,,,,,,,,,,,,,,,,,,,3,2,stimuli/s6.png,stimuli/s5.png,16,79,1,choice,1,0,0,0,0,0,0,2,3,stimuli/s2.png,,,,,,,,,,,,,,,,,,,,,,,,,,,,,,,,,,,,,,,,,,,0,16,16,16,0,1,1,1,,,,,,,,,,,,,,,,,,,,,,,,,,,,,,,,,,,,,,,,,,,,,,,,,,,,,,,,,,,,,,,,,,,,,,,,,,,,,,,,,,,,,,,,,,,,,,,,,,,,,,,,,,,,,,,,,,,,,,,,,,,,,None,None,5,5.954,None,None,nan,None,None,,,,,,,,,,,,,,,,,,,,,999,20,F,2020_Mar_05_0853,three_arm_bandit_rating_kb_block,2020.1.1,59.77373064401919,
,,,,,,,,,,,,,,,,,,,,,,,,,,,,,,,,,,3,2,stimuli/s6.png,stimuli/s5.png,16,79,1,choice,1,0,0,0,0,0,0,2,3,stimuli/s3.png,,,,,,,,,,,,,,,,,,,,,,,,,,,,,,,,,,,,,,,,,,,0,16,16,16,0,2,2,2,,,,,,,,,,,,,,,,,,,,,,,,,,,,,,,,,,,,,,,,,,,,,,,,,,,,,,,,,,,,,,,,,,,,,,,,,,,,,,,,,,,,,,,,,,,,,,,,,,,,,,,,,,,,,,,,,,,,,,,,,,,,,None,None,5,5.962,None,None,nan,None,None,,,,,,,,,,,,,,,,,,,,,999,20,F,2020_Mar_05_0853,three_arm_bandit_rating_kb_block,2020.1.1,59.77373064401919,
,,,,,,,,,,,,,,,,,,,,,,,,,,,,,,,,,,3,2,stimuli/s6.png,stimuli/s5.png,16,79,1,choice,1,0,0,0,0,0,0,2,3,,,,,,,,,,,,,,,,,,,,,,,,,,,,,,,,,,,,,,,,,,,,0,16,16,16,,,,,,,,,,,,,,,,,,,,,,,,,,,,,,,,,,,,,,,,,,,,,,,,,,,,,,,,,,,,,,,,,,,,,,,,,,,,,,,,,,,,,,,,,,,,,,,,,,,,,,,,,,,,,,,,,,,,,,,,,,,,,,,,,,,,,,,,,,,,,,,,,,,,,,,,,,,,,,999,20,F,2020_Mar_05_0853,three_arm_bandit_rating_kb_block,2020.1.1,59.77373064401919,
,,,,,,,,,,,,,,,,,,,,,,,,,,,,,,,,,,2,1,stimuli/s5.png,stimuli/s4.png,72,12,2,choice,1,0,0,0,0,0,0,2,3,stimuli/s2.png,,,,,,,,,,,,,,,,,,,,,,,,,,,,,,,,,,,,,,,,,,,0,17,17,17,0,0,0,1,,,,,,,,,,,,,,,,,,,,,,,,,,,,,,,,,,,,,,,,,,,,,,,,,,,,,,,,,,,,,,,,,,,,,,,,,,,,,,,,,,,,,,,,,,,,,None,None,None,None,None,None,None,None,None,None,160.8484103619121,None,160.8484103619121,None,160.8484103619121,None,right,0,0.49103588005527854,160.8484103619121,None,160.8484103619121,160.8484103619121,160.8484103619121,160.8484103619121,160.8484103619121,None,1,161.3640181599185,None,162.36430815188214,None,None,None,5,8.205,None,None,nan,None,None,,,,,,,,,,,,,,,,,,,,,999,20,F,2020_Mar_05_0853,three_arm_bandit_rating_kb_block,2020.1.1,59.77373064401919,
,,,,,,,,,,,,,,,,,,,,,,,,,,,,,,,,,,2,1,stimuli/s5.png,stimuli/s4.png,72,12,2,choice,1,0,0,0,0,0,0,2,3,stimuli/s3.png,,,,,,,,,,,,,,,,,,,,,,,,,,,,,,,,,,,,,,,,,,,0,17,17,17,0,1,1,2,,,,,,,,,,,,,,,,,,,,,,,,,,,,,,,,,,,,,,,,,,,,,,,,,,,,,,,,,,,,,,,,,,,,,,,,,,,,,,,,,,,,,,,,,,,,,,,,,,,,,,,,,,,,,,,,,,,,,,,,,,,,,None,None,5,8.214,None,None,nan,None,None,,,,,,,,,,,,,,,,,,,,,999,20,F,2020_Mar_05_0853,three_arm_bandit_rating_kb_block,2020.1.1,59.77373064401919,
,,,,,,,,,,,,,,,,,,,,,,,,,,,,,,,,,,2,1,stimuli/s5.png,stimuli/s4.png,72,12,2,choice,1,0,0,0,0,0,0,2,3,stimuli/s1.png,,,,,,,,,,,,,,,,,,,,,,,,,,,,,,,,,,,,,,,,,,,0,17,17,17,0,2,2,0,,,,,,,,,,,,,,,,,,,,,,,,,,,,,,,,,,,,,,,,,,,,,,,,,,,,,,,,,,,,,,,,,,,,,,,,,,,,,,,,,,,,,,,,,,,,,,,,,,,,,,,,,,,,,,,,,,,,,,,,,,,,,None,None,5,8.223,None,None,nan,None,None,,,,,,,,,,,,,,,,,,,,,999,20,F,2020_Mar_05_0853,three_arm_bandit_rating_kb_block,2020.1.1,59.77373064401919,
,,,,,,,,,,,,,,,,,,,,,,,,,,,,,,,,,,2,1,stimuli/s5.png,stimuli/s4.png,72,12,2,choice,1,0,0,0,0,0,0,2,3,,,,,,,,,,,,,,,,,,,,,,,,,,,,,,,,,,,,,,,,,,,,0,17,17,17,,,,,,,,,,,,,,,,,,,,,,,,,,,,,,,,,,,,,,,,,,,,,,,,,,,,,,,,,,,,,,,,,,,,,,,,,,,,,,,,,,,,,,,,,,,,,,,,,,,,,,,,,,,,,,,,,,,,,,,,,,,,,,,,,,,,,,,,,,,,,,,,,,,,,,,,,,,,,,999,20,F,2020_Mar_05_0853,three_arm_bandit_rating_kb_block,2020.1.1,59.77373064401919,
,,,,,,,,,,,,,,,,,,,,,,,,,,,,,,,,,,,,,,,,,,,,,,,,,,,,stimuli/s6.png,,,,,,,,,,,,,,,,,,,,,,,,,,,,,,,,,,,,,,,,,,,,,,,,,,0,0,0,5,,,,,,,,,,,,,,,,,,,,,,,,,,,,,,,,,,,,,,,,,,,,,,,,,,,,,,,,,,,,,,,,,,,,,,,,,,,,,,,,,,,,,,,,,,,,,,,,,,,,,,,,,,,,,,,,,,,,,,,,,,,,,,,,,,,,163.38092263694853,None,174.1312698898837,None,5,12.158,0.004753599874675274,None,,,,,,,,,,,999,20,F,2020_Mar_05_0853,three_arm_bandit_rating_kb_block,2020.1.1,59.77373064401919,
,,,,,,,,,,,,,,,,,,,,,,,,,,,,,,,,,,,,,,,,,,,,,,,,,,,,stimuli/s2.png,,,,,,,,,,,,,,,,,,,,,,,,,,,,,,,,,,,,,,,,,,,,,,,,,,0,1,1,1,,,,,,,,,,,,,,,,,,,,,,,,,,,,,,,,,,,,,,,,,,,,,,,,,,,,,,,,,,,,,,,,,,,,,,,,,,,,,,,,,,,,,,,,,,,,,,,,,,,,,,,,,,,,,,,,,,,,,,,,,,,,,,,,,,,,,,186.31420871196315,None,5,0.542,0.0035807229578495026,None,,,,,,,,,,,999,20,F,2020_Mar_05_0853,three_arm_bandit_rating_kb_block,2020.1.1,59.77373064401919,
,,,,,,,,,,,,,,,,,,,,,,,,,,,,,,,,,,,,,,,,,,,,,,,,,,,,stimuli/s4.png,,,,,,,,,,,,,,,,,,,,,,,,,,,,,,,,,,,,,,,,,,,,,,,,,,0,2,2,3,,,,,,,,,,,,,,,,,,,,,,,,,,,,,,,,,,,,,,,,,,,,,,,,,,,,,,,,,,,,,,,,,,,,,,,,,,,,,,,,,,,,,,,,,,,,,,,,,,,,,,,,,,,,,,,,,,,,,,,,,,,,,,,,,,,,,,186.88038814486936,None,5,0.494,0.0036961159203201532,None,,,,,,,,,,,999,20,F,2020_Mar_05_0853,three_arm_bandit_rating_kb_block,2020.1.1,59.77373064401919,
,,,,,,,,,,,,,,,,,,,,,,,,,,,,,,,,,,,,,,,,,,,,,,,,,,,,stimuli/s5.png,,,,,,,,,,,,,,,,,,,,,,,,,,,,,,,,,,,,,,,,,,,,,,,,,,0,3,3,4,,,,,,,,,,,,,,,,,,,,,,,,,,,,,,,,,,,,,,,,,,,,,,,,,,,,,,,,,,,,,,,,,,,,,,,,,,,,,,,,,,,,,,,,,,,,,,,,,,,,,,,,,,,,,,,,,,,,,,,,,,,,,,,,,,,,,,187.3969224919565,None,5,0.49,0.0017221660818904638,None,,,,,,,,,,,999,20,F,2020_Mar_05_0853,three_arm_bandit_rating_kb_block,2020.1.1,59.77373064401919,
,,,,,,,,,,,,,,,,,,,,,,,,,,,,,,,,,,,,,,,,,,,,,,,,,,,,stimuli/s1.png,,,,,,,,,,,,,,,,,,,,,,,,,,,,,,,,,,,,,,,,,,,,,,,,,,0,4,4,0,,,,,,,,,,,,,,,,,,,,,,,,,,,,,,,,,,,,,,,,,,,,,,,,,,,,,,,,,,,,,,,,,,,,,,,,,,,,,,,,,,,,,,,,,,,,,,,,,,,,,,,,,,,,,,,,,,,,,,,,,,,,,,,,,,,,,,187.9142474499531,None,5,0.409,0.0030638661701232195,None,,,,,,,,,,,999,20,F,2020_Mar_05_0853,three_arm_bandit_rating_kb_block,2020.1.1,59.77373064401919,
,,,,,,,,,,,,,,,,,,,,,,,,,,,,,,,,,,,,,,,,,,,,,,,,,,,,stimuli/s3.png,,,,,,,,,,,,,,,,,,,,,,,,,,,,,,,,,,,,,,,,,,,,,,,,,,0,5,5,2,,,,,,,,,,,,,,,,,,,,,,,,,,,,,,,,,,,,,,,,,,,,,,,,,,,,,,,,,,,,,,,,,,,,,,,,,,,,,,,,,,,,,,,,,,,,,,,,,,,,,,,,,,,,,,,,,,,,,,,,,,,,,,,,,,,,,,188.34726854693145,None,5,0.407,0.002558518899604678,None,,,,,,,,,,,999,20,F,2020_Mar_05_0853,three_arm_bandit_rating_kb_block,2020.1.1,59.77373064401919,
,,,,,,,,,,,,,,,,,,,,,,,,,,,,,,,,,,,,,,,,,,,,,,,,,,,,,stimuli/s4.png,,,,,,,,,,,,,,,,,,,,,,,,,,,,,,,,,,,,,,,,,,,,,,,,,,,,,0,0,0,3,,,,,,,,,,,,,,,,,,,,,,,,,,,,,,,,,,,,,,,,,,,,,,,,,,,,,,,,,,,,,,,,,,,,,,,,,,,,,,,,,,,,,,,,,,,,,,,,,,,,,,,,,,,,,,,,,,,,,,,,,,,,,,,,,,,,,,,,189.09716776991263,None,191.7144440598786,None,5,0.961,0.003355872118845582,None,,,999,20,F,2020_Mar_05_0853,three_arm_bandit_rating_kb_block,2020.1.1,59.77373064401919,
,,,,,,,,,,,,,,,,,,,,,,,,,,,,,,,,,,,,,,,,,,,,,,,,,,,,,stimuli/s2.png,,,,,,,,,,,,,,,,,,,,,,,,,,,,,,,,,,,,,,,,,,,,,,,,,,,,,0,1,1,1,,,,,,,,,,,,,,,,,,,,,,,,,,,,,,,,,,,,,,,,,,,,,,,,,,,,,,,,,,,,,,,,,,,,,,,,,,,,,,,,,,,,,,,,,,,,,,,,,,,,,,,,,,,,,,,,,,,,,,,,,,,,,,,,,,,,,,,,,,192.69730149698444,None,5,0.995,0.004462147830054164,None,,,999,20,F,2020_Mar_05_0853,three_arm_bandit_rating_kb_block,2020.1.1,59.77373064401919,
,,,,,,,,,,,,,,,,,,,,,,,,,,,,,,,,,,,,,,,,,,,,,,,,,,,,,stimuli/s3.png,,,,,,,,,,,,,,,,,,,,,,,,,,,,,,,,,,,,,,,,,,,,,,,,,,,,,0,2,2,2,,,,,,,,,,,,,,,,,,,,,,,,,,,,,,,,,,,,,,,,,,,,,,,,,,,,,,,,,,,,,,,,,,,,,,,,,,,,,,,,,,,,,,,,,,,,,,,,,,,,,,,,,,,,,,,,,,,,,,,,,,,,,,,,,,,,,,,,,,193.71455229679123,None,6,6.511,0.0042318180203437805,None,,,999,20,F,2020_Mar_05_0853,three_arm_bandit_rating_kb_block,2020.1.1,59.77373064401919,
,,,,,,,,,,,,,,,,,,,,,,,,,,,,,,,,,,,,,,,,,,,,,,,,,,,,,stimuli/s6.png,,,,,,,,,,,,,,,,,,,,,,,,,,,,,,,,,,,,,,,,,,,,,,,,,,,,,0,3,3,5,,,,,,,,,,,,,,,,,,,,,,,,,,,,,,,,,,,,,,,,,,,,,,,,,,,,,,,,,,,,,,,,,,,,,,,,,,,,,,,,,,,,,,,,,,,,,,,,,,,,,,,,,,,,,,,,,,,,,,,,,,,,,,,,,,,,,,,,,,200.24698950187303,None,5,0.542,0.0035802097991108894,None,,,999,20,F,2020_Mar_05_0853,three_arm_bandit_rating_kb_block,2020.1.1,59.77373064401919,
,,,,,,,,,,,,,,,,,,,,,,,,,,,,,,,,,,,,,,,,,,,,,,,,,,,,,stimuli/s1.png,,,,,,,,,,,,,,,,,,,,,,,,,,,,,,,,,,,,,,,,,,,,,,,,,,,,,0,4,4,0,,,,,,,,,,,,,,,,,,,,,,,,,,,,,,,,,,,,,,,,,,,,,,,,,,,,,,,,,,,,,,,,,,,,,,,,,,,,,,,,,,,,,,,,,,,,,,,,,,,,,,,,,,,,,,,,,,,,,,,,,,,,,,,,,,,,,,,,,,200.8140594419092,None,7,2.31,0.002492158906534314,None,,,999,20,F,2020_Mar_05_0853,three_arm_bandit_rating_kb_block,2020.1.1,59.77373064401919,
,,,,,,,,,,,,,,,,,,,,,,,,,,,,,,,,,,,,,,,,,,,,,,,,,,,,,stimuli/s5.png,,,,,,,,,,,,,,,,,,,,,,,,,,,,,,,,,,,,,,,,,,,,,,,,,,,,,0,5,5,4,,,,,,,,,,,,,,,,,,,,,,,,,,,,,,,,,,,,,,,,,,,,,,,,,,,,,,,,,,,,,,,,,,,,,,,,,,,,,,,,,,,,,,,,,,,,,,,,,,,,,,,,,,,,,,,,,,,,,,,,,,,,,,,,,,,,,,,,,,203.14713327679783,None,5,0.292,0.0034165249671787024,None,,,999,20,F,2020_Mar_05_0853,three_arm_bandit_rating_kb_block,2020.1.1,59.77373064401919,
,,,,,,,,,,,,,,,,,,,,,,,,,,,,,,,,,,,,,,,,,,,,,,,,,,,,,,,,,,,,,,,,,,,,,,,,,,,,,,,,,,,,,,,,,,,,,,,,,,,,,,,,,,,,,,,,,,,,,,,,,,,,,,,,,,,,,,,,,,,,,,,,,,,,,,,,,,,,,,,,,,,,,,,,,,,,,,,,,,,,,,,,,,,,,,,,,,,,,,,,,,,,,,,,,,,,,,,,,,,,,,,,,,,,,,,,,,,,,,,,,,,,,,,,,,,,,203.71479018684477,None,,,,,,,,
